ws_ms,p_frac_median,p_frac_std,n
0.25,0.0,0.0,111
0.75,0.0,0.0,703
1.25,0.0,3.8972582722175445e-06,1163
1.75,0.0,5.924082203527359e-05,1616
2.25,0.0,0.000365183459898797,1979
2.75,0.0,0.00153481608958621,2167
3.25,0.0,0.005436061807283566,2146
3.75,0.01802842034233939,0.010492111805645436,1499
4.25,0.037809418572319724,0.013627101169928815,1813
4.75,0.06258997175428584,0.017247508863374953,1767
5.25,0.09355941772460917,0.02067695869265155,1823
5.75,0.1279071638319225,0.027571695088341196,2111
6.25,0.1716050550672742,0.02956642449917956,2275
6.75,0.22385627746582026,0.040029390829528104,2332
7.25,0.2834438917371944,0.05041643957706887,2306
7.75,0.34941304524739447,0.06008452095395064,2181
8.25,0.42205278184678613,0.07898086476639972,2031
8.75,0.49423736572265553,0.09892089934520507,1798
9.25,0.5677199978298612,0.1036039781624724,1687
9.75,0.6365480550130195,0.11397264838093034,1549
10.25,0.7068200005425334,0.11071430647750274,1549
10.75,0.7700527615017361,0.10211997847810841,1490
11.25,0.8369844563802084,0.09937381712346233,1361
11.75,0.9000136311848944,0.07735335351238631,1293
12.25,0.9486391872829861,0.08671524845354496,1125
12.75,0.9790154351128458,0.09024267696277194,1068
13.25,0.9926980251736112,0.09980660585013516,881
13.75,0.997169189453125,0.10397661640256445,683
14.25,0.9998486328125,0.11370450430251597,547
14.75,1.0003447129991305,0.1696618366842399,490
15.25,1.0004245673285583,0.1086173321798604,422
15.75,1.000526123046875,0.12027157395709166,361
16.25,1.000642937554253,0.1189452924567504,320
16.75,1.0002419365776902,0.0871678357742862,242
17.25,1.0005372450086805,0.05837465705273491,217
17.75,1.0005441623263889,0.017351221220827506,217
18.25,1.0005086263020835,0.0420952418876655,210
18.75,1.0004927910698778,0.05916787281097218,190
19.25,1.000513916015625,0.04015062820728717,167
19.75,1.0004827880859362,0.01581855919314053,135
20.25,1.0003999837239583,0.017236009151432398,97
20.75,1.0004402669270833,0.01621418347383351,67
21.25,1.0004197184244779,0.017800091268154985,35
21.75,1.0004014078776027,0.018073312635576495,21
22.25,1.0003097534179681,0.01619755158686138,10
22.75,1.00046664767795,0.00014396055188045008,17
23.25,1.0003269449869792,0.00017263718729017654,12
