# Sample measured history for testing the upload: virtual Dewas twin plant output, Oct-Dec 2025 (not real plant data).
# Hourly, IST, timestamp = start of the hour, MW.
timestamp,solar_mw,wind_mw
2025-10-01 04:30,0.0,0.348
2025-10-01 05:30,0.0,0.192
2025-10-01 06:30,2.962,0.0
2025-10-01 07:30,10.64,0.0
2025-10-01 08:30,18.624,0.0
2025-10-01 09:30,24.893,0.0
2025-10-01 10:30,26.81,0.223
2025-10-01 11:30,25.555,0.254
2025-10-01 12:30,23.861,0.281
2025-10-01 13:30,20.437,0.164
2025-10-01 14:30,16.796,0.012
2025-10-01 15:30,12.252,0.12
2025-10-01 16:30,6.624,0.107
2025-10-01 17:30,0.549,5.242
2025-10-01 18:30,0.0,9.039
2025-10-01 19:30,0.0,4.974
2025-10-01 20:30,0.0,3.614
2025-10-01 21:30,0.0,5.445
2025-10-01 22:30,0.0,2.756
2025-10-01 23:30,0.0,1.216
2025-10-02 00:30,0.0,2.138
2025-10-02 01:30,0.0,1.739
2025-10-02 02:30,0.0,1.235
2025-10-02 03:30,0.0,2.178
2025-10-02 04:30,0.0,1.109
2025-10-02 05:30,0.0,1.5
2025-10-02 06:30,3.574,0.456
2025-10-02 07:30,11.671,0.0
2025-10-02 08:30,19.468,0.0
2025-10-02 09:30,22.929,0.0
2025-10-02 10:30,25.94,0.0
2025-10-02 11:30,26.762,0.0
2025-10-02 12:30,22.173,0.0
2025-10-02 13:30,20.261,0.0
2025-10-02 14:30,12.972,0.0
2025-10-02 15:30,12.942,0.0
2025-10-02 16:30,6.125,0.0
2025-10-02 17:30,0.534,0.0
2025-10-02 18:30,0.0,0.0
2025-10-02 19:30,0.0,0.151
2025-10-02 20:30,0.0,0.285
2025-10-02 21:30,0.0,0.226
2025-10-02 22:30,0.0,0.476
2025-10-02 23:30,0.0,3.245
2025-10-03 00:30,0.0,3.873
2025-10-03 01:30,0.0,7.988
2025-10-03 02:30,0.0,19.96
2025-10-03 03:30,0.0,15.06
2025-10-03 04:30,0.0,10.249
2025-10-03 05:30,0.0,6.462
2025-10-03 06:30,2.593,7.419
2025-10-03 07:30,8.968,2.511
2025-10-03 08:30,15.426,0.696
2025-10-03 09:30,21.683,0.532
2025-10-03 10:30,26.389,0.444
2025-10-03 11:30,28.296,0.476
2025-10-03 12:30,25.381,0.441
2025-10-03 13:30,20.898,0.053
2025-10-03 14:30,15.433,0.11
2025-10-03 15:30,10.671,0.0
2025-10-03 16:30,4.875,0.0
2025-10-03 17:30,0.337,0.152
2025-10-03 18:30,0.0,1.882
2025-10-03 19:30,0.0,2.938
2025-10-03 20:30,0.0,3.602
2025-10-03 21:30,0.0,5.062
2025-10-03 22:30,0.0,8.338
2025-10-03 23:30,0.0,6.321
2025-10-04 00:30,0.0,11.236
2025-10-04 01:30,0.0,14.191
2025-10-04 02:30,0.0,12.525
2025-10-04 03:30,0.0,9.172
2025-10-04 04:30,0.0,9.453
2025-10-04 05:30,0.0,8.342
2025-10-04 06:30,1.723,6.005
2025-10-04 07:30,7.875,6.316
2025-10-04 08:30,13.825,5.668
2025-10-04 09:30,18.774,4.285
2025-10-04 10:30,19.246,4.631
2025-10-04 11:30,21.624,4.925
2025-10-04 12:30,22.094,4.703
2025-10-04 13:30,12.885,2.701
2025-10-04 14:30,15.043,9.534
2025-10-04 15:30,7.981,1.978
2025-10-04 16:30,5.675,2.554
2025-10-04 17:30,0.36,9.427
2025-10-04 18:30,0.0,9.901
2025-10-04 19:30,0.0,10.503
2025-10-04 20:30,0.0,10.184
2025-10-04 21:30,0.0,6.759
2025-10-04 22:30,0.0,7.772
2025-10-04 23:30,0.0,9.19
2025-10-05 00:30,0.0,11.966
2025-10-05 01:30,0.0,13.757
2025-10-05 02:30,0.0,12.279
2025-10-05 03:30,0.0,13.757
2025-10-05 04:30,0.0,10.821
2025-10-05 05:30,0.0,8.948
2025-10-05 06:30,2.933,10.011
2025-10-05 07:30,9.324,10.636
2025-10-05 08:30,15.83,5.896
2025-10-05 09:30,22.338,3.03
2025-10-05 10:30,26.132,1.372
2025-10-05 11:30,26.181,0.705
2025-10-05 12:30,17.419,0.37
2025-10-05 13:30,22.275,2.398
2025-10-05 14:30,18.357,3.744
2025-10-05 15:30,10.447,4.756
2025-10-05 16:30,5.459,1.479
2025-10-05 17:30,0.372,0.503
2025-10-05 18:30,0.0,4.264
2025-10-05 19:30,0.0,2.618
2025-10-05 20:30,0.0,1.618
2025-10-05 21:30,0.0,1.764
2025-10-05 22:30,0.0,1.317
2025-10-05 23:30,0.0,2.066
2025-10-06 00:30,0.0,5.372
2025-10-06 01:30,0.0,4.681
2025-10-06 02:30,0.0,9.487
2025-10-06 03:30,0.0,12.24
2025-10-06 04:30,0.0,11.639
2025-10-06 05:30,0.0,8.348
2025-10-06 06:30,3.227,14.348
2025-10-06 07:30,8.59,13.318
2025-10-06 08:30,15.023,8.247
2025-10-06 09:30,21.34,3.825
2025-10-06 10:30,23.001,3.931
2025-10-06 11:30,29.55,4.758
2025-10-06 12:30,27.233,5.044
2025-10-06 13:30,25.574,3.786
2025-10-06 14:30,22.029,3.055
2025-10-06 15:30,14.254,4.342
2025-10-06 16:30,6.483,6.063
2025-10-06 17:30,0.392,7.327
2025-10-06 18:30,0.0,6.576
2025-10-06 19:30,0.0,5.27
2025-10-06 20:30,0.0,3.868
2025-10-06 21:30,0.0,6.668
2025-10-06 22:30,0.0,7.271
2025-10-06 23:30,0.0,6.372
2025-10-07 00:30,0.0,5.949
2025-10-07 01:30,0.0,5.508
2025-10-07 02:30,0.0,5.037
2025-10-07 03:30,0.0,7.881
2025-10-07 04:30,0.0,9.949
2025-10-07 05:30,0.0,7.856
2025-10-07 06:30,1.51,5.289
2025-10-07 07:30,6.067,3.507
2025-10-07 08:30,7.529,2.433
2025-10-07 09:30,14.505,2.532
2025-10-07 10:30,7.953,2.794
2025-10-07 11:30,18.662,1.393
2025-10-07 12:30,19.949,0.74
2025-10-07 13:30,15.556,1.37
2025-10-07 14:30,5.721,1.647
2025-10-07 15:30,7.837,0.278
2025-10-07 16:30,4.646,0.709
2025-10-07 17:30,0.245,4.331
2025-10-07 18:30,0.0,8.866
2025-10-07 19:30,0.0,8.7
2025-10-07 20:30,0.0,12.737
2025-10-07 21:30,0.0,12.428
2025-10-07 22:30,0.0,10.641
2025-10-07 23:30,0.0,7.269
2025-10-08 00:30,0.0,6.101
2025-10-08 01:30,0.0,6.484
2025-10-08 02:30,0.0,8.313
2025-10-08 03:30,0.0,9.453
2025-10-08 04:30,0.0,11.653
2025-10-08 05:30,0.0,10.096
2025-10-08 06:30,3.444,6.877
2025-10-08 07:30,10.578,0.942
2025-10-08 08:30,15.527,0.465
2025-10-08 09:30,23.17,1.455
2025-10-08 10:30,26.746,0.294
2025-10-08 11:30,27.264,0.203
2025-10-08 12:30,27.414,0.294
2025-10-08 13:30,23.826,0.459
2025-10-08 14:30,19.399,1.043
2025-10-08 15:30,12.744,0.369
2025-10-08 16:30,5.296,0.0
2025-10-08 17:30,0.215,0.026
2025-10-08 18:30,0.0,0.206
2025-10-08 19:30,0.0,0.276
2025-10-08 20:30,0.0,0.339
2025-10-08 21:30,0.0,0.111
2025-10-08 22:30,0.0,0.498
2025-10-08 23:30,0.0,1.371
2025-10-09 00:30,0.0,8.43
2025-10-09 01:30,0.0,7.692
2025-10-09 02:30,0.0,6.785
2025-10-09 03:30,0.0,8.994
2025-10-09 04:30,0.0,5.982
2025-10-09 05:30,0.0,5.723
2025-10-09 06:30,3.197,4.268
2025-10-09 07:30,10.617,1.529
2025-10-09 08:30,17.721,1.047
2025-10-09 09:30,23.624,0.426
2025-10-09 10:30,21.076,0.0
2025-10-09 11:30,22.728,0.282
2025-10-09 12:30,22.103,0.519
2025-10-09 13:30,20.296,1.468
2025-10-09 14:30,16.032,1.93
2025-10-09 15:30,10.486,1.348
2025-10-09 16:30,5.437,5.868
2025-10-09 17:30,0.237,10.018
2025-10-09 18:30,0.0,13.294
2025-10-09 19:30,0.0,13.981
2025-10-09 20:30,0.0,6.149
2025-10-09 21:30,0.0,1.534
2025-10-09 22:30,0.0,1.701
2025-10-09 23:30,0.0,3.955
2025-10-10 00:30,0.0,3.519
2025-10-10 01:30,0.0,3.185
2025-10-10 02:30,0.0,2.128
2025-10-10 03:30,0.0,1.717
2025-10-10 04:30,0.0,3.804
2025-10-10 05:30,0.0,4.009
2025-10-10 06:30,3.415,2.46
2025-10-10 07:30,11.114,0.483
2025-10-10 08:30,18.187,0.268
2025-10-10 09:30,23.019,0.323
2025-10-10 10:30,26.688,0.0
2025-10-10 11:30,26.092,0.0
2025-10-10 12:30,26.543,0.0
2025-10-10 13:30,24.628,0.044
2025-10-10 14:30,20.003,0.355
2025-10-10 15:30,14.072,1.638
2025-10-10 16:30,6.288,2.487
2025-10-10 17:30,0.243,2.1
2025-10-10 18:30,0.0,3.531
2025-10-10 19:30,0.0,1.9
2025-10-10 20:30,0.0,0.457
2025-10-10 21:30,0.0,1.78
2025-10-10 22:30,0.0,1.308
2025-10-10 23:30,0.0,1.98
2025-10-11 00:30,0.0,2.858
2025-10-11 01:30,0.0,6.604
2025-10-11 02:30,0.0,7.691
2025-10-11 03:30,0.0,9.203
2025-10-11 04:30,0.0,7.521
2025-10-11 05:30,0.0,6.175
2025-10-11 06:30,3.073,4.558
2025-10-11 07:30,10.897,2.113
2025-10-11 08:30,18.376,0.707
2025-10-11 09:30,21.107,1.973
2025-10-11 10:30,24.134,0.345
2025-10-11 11:30,25.748,0.115
2025-10-11 12:30,24.866,0.013
2025-10-11 13:30,22.891,0.0
2025-10-11 14:30,17.067,0.0
2025-10-11 15:30,10.059,0.719
2025-10-11 16:30,4.47,1.945
2025-10-11 17:30,0.175,5.737
2025-10-11 18:30,0.0,5.086
2025-10-11 19:30,0.0,2.87
2025-10-11 20:30,0.0,2.901
2025-10-11 21:30,0.0,1.613
2025-10-11 22:30,0.0,1.321
2025-10-11 23:30,0.0,2.797
2025-10-12 00:30,0.0,1.98
2025-10-12 01:30,0.0,0.44
2025-10-12 02:30,0.0,0.29
2025-10-12 03:30,0.0,0.293
2025-10-12 04:30,0.0,0.029
2025-10-12 05:30,0.0,0.0
2025-10-12 06:30,3.158,0.0
2025-10-12 07:30,10.581,0.0
2025-10-12 08:30,17.004,0.0
2025-10-12 09:30,23.437,0.0
2025-10-12 10:30,26.177,0.0
2025-10-12 11:30,29.437,0.0
2025-10-12 12:30,27.289,0.099
2025-10-12 13:30,26.282,0.194
2025-10-12 14:30,21.38,0.256
2025-10-12 15:30,13.367,0.451
2025-10-12 16:30,5.712,2.56
2025-10-12 17:30,0.0,5.437
2025-10-12 18:30,0.0,2.256
2025-10-12 19:30,0.0,0.457
2025-10-12 20:30,0.0,0.5
2025-10-12 21:30,0.0,0.828
2025-10-12 22:30,0.0,0.455
2025-10-12 23:30,0.0,0.375
2025-10-13 00:30,0.0,0.628
2025-10-13 01:30,0.0,0.0
2025-10-13 02:30,0.0,0.0
2025-10-13 03:30,0.0,0.0
2025-10-13 04:30,0.0,0.049
2025-10-13 05:30,0.0,0.291
2025-10-13 06:30,3.17,0.269
2025-10-13 07:30,10.474,0.124
2025-10-13 08:30,17.19,0.021
2025-10-13 09:30,21.999,0.0
2025-10-13 10:30,25.72,0.0
2025-10-13 11:30,28.668,0.232
2025-10-13 12:30,28.639,0.733
2025-10-13 13:30,25.687,2.349
2025-10-13 14:30,19.268,2.002
2025-10-13 15:30,11.44,0.35
2025-10-13 16:30,5.041,1.406
2025-10-13 17:30,0.0,3.283
2025-10-13 18:30,0.0,2.124
2025-10-13 19:30,0.0,2.895
2025-10-13 20:30,0.0,1.631
2025-10-13 21:30,0.0,0.248
2025-10-13 22:30,0.0,0.0
2025-10-13 23:30,0.0,0.0
2025-10-14 00:30,0.0,0.0
2025-10-14 01:30,0.0,0.347
2025-10-14 02:30,0.0,2.555
2025-10-14 03:30,0.0,5.851
2025-10-14 04:30,0.0,5.169
2025-10-14 05:30,0.0,7.806
2025-10-14 06:30,2.703,5.37
2025-10-14 07:30,8.824,3.572
2025-10-14 08:30,15.53,2.205
2025-10-14 09:30,18.972,4.527
2025-10-14 10:30,21.749,2.568
2025-10-14 11:30,19.998,2.262
2025-10-14 12:30,20.305,0.586
2025-10-14 13:30,17.711,0.416
2025-10-14 14:30,16.617,1.499
2025-10-14 15:30,8.622,3.112
2025-10-14 16:30,4.44,4.155
2025-10-14 17:30,0.0,0.239
2025-10-14 18:30,0.0,0.0
2025-10-14 19:30,0.0,0.0
2025-10-14 20:30,0.0,0.0
2025-10-14 21:30,0.0,0.0
2025-10-14 22:30,0.0,0.0
2025-10-14 23:30,0.0,0.337
2025-10-15 00:30,0.0,0.153
2025-10-15 01:30,0.0,0.132
2025-10-15 02:30,0.0,0.428
2025-10-15 03:30,0.0,3.792
2025-10-15 04:30,0.0,5.29
2025-10-15 05:30,0.0,3.566
2025-10-15 06:30,2.849,3.405
2025-10-15 07:30,9.704,1.838
2025-10-15 08:30,16.053,1.428
2025-10-15 09:30,21.205,1.116
2025-10-15 10:30,19.493,0.293
2025-10-15 11:30,22.061,0.0
2025-10-15 12:30,23.703,0.0
2025-10-15 13:30,21.011,0.0
2025-10-15 14:30,16.975,0.0
2025-10-15 15:30,11.266,0.0
2025-10-15 16:30,5.186,0.0
2025-10-15 17:30,0.0,0.757
2025-10-15 18:30,0.0,2.677
2025-10-15 19:30,0.0,5.163
2025-10-15 20:30,0.0,4.132
2025-10-15 21:30,0.0,3.892
2025-10-15 22:30,0.0,5.434
2025-10-15 23:30,0.0,3.921
2025-10-16 00:30,0.0,2.146
2025-10-16 01:30,0.0,1.065
2025-10-16 02:30,0.0,1.423
2025-10-16 03:30,0.0,1.31
2025-10-16 04:30,0.0,3.594
2025-10-16 05:30,0.0,1.357
2025-10-16 06:30,2.801,0.832
2025-10-16 07:30,10.087,0.384
2025-10-16 08:30,15.328,0.855
2025-10-16 09:30,21.141,0.756
2025-10-16 10:30,23.967,0.263
2025-10-16 11:30,26.626,0.061
2025-10-16 12:30,24.948,0.0
2025-10-16 13:30,20.222,0.0
2025-10-16 14:30,14.661,0.0
2025-10-16 15:30,10.594,0.0
2025-10-16 16:30,5.076,0.0
2025-10-16 17:30,0.0,0.0
2025-10-16 18:30,0.0,0.212
2025-10-16 19:30,0.0,0.42
2025-10-16 20:30,0.0,0.177
2025-10-16 21:30,0.0,0.302
2025-10-16 22:30,0.0,0.092
2025-10-16 23:30,0.0,0.0
2025-10-17 00:30,0.0,0.0
2025-10-17 01:30,0.0,0.0
2025-10-17 02:30,0.0,0.0
2025-10-17 03:30,0.0,0.0
2025-10-17 04:30,0.0,0.0
2025-10-17 05:30,0.0,0.0
2025-10-17 06:30,2.552,0.319
2025-10-17 07:30,9.071,0.037
2025-10-17 08:30,15.186,0.185
2025-10-17 09:30,20.39,0.0
2025-10-17 10:30,22.428,0.129
2025-10-17 11:30,21.235,0.078
2025-10-17 12:30,19.361,0.0
2025-10-17 13:30,18.494,0.0
2025-10-17 14:30,13.141,0.0
2025-10-17 15:30,9.468,0.0
2025-10-17 16:30,4.088,4.713
2025-10-17 17:30,0.0,0.264
2025-10-17 18:30,0.0,0.0
2025-10-17 19:30,0.0,5.65
2025-10-17 20:30,0.0,1.528
2025-10-17 21:30,0.0,1.723
2025-10-17 22:30,0.0,2.456
2025-10-17 23:30,0.0,0.44
2025-10-18 00:30,0.0,0.921
2025-10-18 01:30,0.0,1.615
2025-10-18 02:30,0.0,2.146
2025-10-18 03:30,0.0,1.452
2025-10-18 04:30,0.0,7.184
2025-10-18 05:30,0.0,3.102
2025-10-18 06:30,1.627,6.584
2025-10-18 07:30,8.308,1.335
2025-10-18 08:30,14.57,1.319
2025-10-18 09:30,21.946,0.685
2025-10-18 10:30,20.287,0.622
2025-10-18 11:30,21.383,0.502
2025-10-18 12:30,22.788,0.131
2025-10-18 13:30,19.436,0.0
2025-10-18 14:30,17.572,0.0
2025-10-18 15:30,11.887,0.0
2025-10-18 16:30,5.106,1.609
2025-10-18 17:30,0.0,1.328
2025-10-18 18:30,0.0,0.782
2025-10-18 19:30,0.0,0.425
2025-10-18 20:30,0.0,1.655
2025-10-18 21:30,0.0,1.196
2025-10-18 22:30,0.0,0.274
2025-10-18 23:30,0.0,0.421
2025-10-19 00:30,0.0,0.476
2025-10-19 01:30,0.0,0.237
2025-10-19 02:30,0.0,0.0
2025-10-19 03:30,0.0,0.0
2025-10-19 04:30,0.0,0.0
2025-10-19 05:30,0.0,1.442
2025-10-19 06:30,3.067,4.984
2025-10-19 07:30,11.138,0.89
2025-10-19 08:30,19.081,1.61
2025-10-19 09:30,22.327,2.927
2025-10-19 10:30,23.222,1.796
2025-10-19 11:30,24.202,0.369
2025-10-19 12:30,25.404,0.0
2025-10-19 13:30,21.97,0.0
2025-10-19 14:30,18.638,0.0
2025-10-19 15:30,12.592,0.0
2025-10-19 16:30,5.235,0.458
2025-10-19 17:30,0.0,0.472
2025-10-19 18:30,0.0,0.435
2025-10-19 19:30,0.0,0.502
2025-10-19 20:30,0.0,0.286
2025-10-19 21:30,0.0,0.0
2025-10-19 22:30,0.0,0.0
2025-10-19 23:30,0.0,0.844
2025-10-20 00:30,0.0,2.586
2025-10-20 01:30,0.0,0.384
2025-10-20 02:30,0.0,0.063
2025-10-20 03:30,0.0,0.226
2025-10-20 04:30,0.0,0.452
2025-10-20 05:30,0.0,1.905
2025-10-20 06:30,2.596,2.457
2025-10-20 07:30,9.876,1.993
2025-10-20 08:30,18.013,1.739
2025-10-20 09:30,24.647,4.208
2025-10-20 10:30,30.136,1.243
2025-10-20 11:30,27.374,1.175
2025-10-20 12:30,22.541,0.425
2025-10-20 13:30,22.011,0.33
2025-10-20 14:30,17.28,1.893
2025-10-20 15:30,8.766,3.792
2025-10-20 16:30,4.894,4.373
2025-10-20 17:30,0.0,2.958
2025-10-20 18:30,0.0,7.081
2025-10-20 19:30,0.0,10.303
2025-10-20 20:30,0.0,7.352
2025-10-20 21:30,0.0,6.137
2025-10-20 22:30,0.0,5.928
2025-10-20 23:30,0.0,5.285
2025-10-21 00:30,0.0,5.459
2025-10-21 01:30,0.0,4.223
2025-10-21 02:30,0.0,2.89
2025-10-21 03:30,0.0,3.577
2025-10-21 04:30,0.0,3.966
2025-10-21 05:30,0.0,4.876
2025-10-21 06:30,2.662,5.721
2025-10-21 07:30,9.921,5.066
2025-10-21 08:30,15.754,2.02
2025-10-21 09:30,20.137,5.436
2025-10-21 10:30,24.04,10.717
2025-10-21 11:30,22.585,8.963
2025-10-21 12:30,21.431,8.138
2025-10-21 13:30,20.825,7.919
2025-10-21 14:30,14.833,5.714
2025-10-21 15:30,5.266,10.937
2025-10-21 16:30,3.095,10.514
2025-10-21 17:30,0.0,15.738
2025-10-21 18:30,0.0,21.87
2025-10-21 19:30,0.0,16.28
2025-10-21 20:30,0.0,11.827
2025-10-21 21:30,0.0,4.165
2025-10-21 22:30,0.0,3.987
2025-10-21 23:30,0.0,2.683
2025-10-22 00:30,0.0,2.787
2025-10-22 01:30,0.0,3.382
2025-10-22 02:30,0.0,5.012
2025-10-22 03:30,0.0,5.075
2025-10-22 04:30,0.0,5.297
2025-10-22 05:30,0.0,6.448
2025-10-22 06:30,2.271,5.975
2025-10-22 07:30,8.777,1.449
2025-10-22 08:30,14.873,2.076
2025-10-22 09:30,19.532,3.507
2025-10-22 10:30,23.416,4.147
2025-10-22 11:30,24.565,6.741
2025-10-22 12:30,22.908,6.277
2025-10-22 13:30,21.073,4.919
2025-10-22 14:30,15.683,1.04
2025-10-22 15:30,9.423,4.577
2025-10-22 16:30,3.799,5.372
2025-10-22 17:30,0.0,3.001
2025-10-22 18:30,0.0,0.873
2025-10-22 19:30,0.0,2.227
2025-10-22 20:30,0.0,5.675
2025-10-22 21:30,0.0,9.871
2025-10-22 22:30,0.0,9.212
2025-10-22 23:30,0.0,6.373
2025-10-23 00:30,0.0,5.353
2025-10-23 01:30,0.0,5.01
2025-10-23 02:30,0.0,5.086
2025-10-23 03:30,0.0,5.484
2025-10-23 04:30,0.0,7.194
2025-10-23 05:30,0.0,7.522
2025-10-23 06:30,2.021,9.709
2025-10-23 07:30,7.636,2.479
2025-10-23 08:30,13.508,1.653
2025-10-23 09:30,19.207,2.216
2025-10-23 10:30,21.188,1.369
2025-10-23 11:30,23.789,1.62
2025-10-23 12:30,21.328,1.277
2025-10-23 13:30,19.816,1.851
2025-10-23 14:30,16.211,3.261
2025-10-23 15:30,10.895,3.952
2025-10-23 16:30,4.495,4.014
2025-10-23 17:30,0.0,11.347
2025-10-23 18:30,0.0,10.881
2025-10-23 19:30,0.0,6.302
2025-10-23 20:30,0.0,7.612
2025-10-23 21:30,0.0,7.887
2025-10-23 22:30,0.0,8.223
2025-10-23 23:30,0.0,8.502
2025-10-24 00:30,0.0,8.555
2025-10-24 01:30,0.0,9.427
2025-10-24 02:30,0.0,8.802
2025-10-24 03:30,0.0,8.425
2025-10-24 04:30,0.0,5.898
2025-10-24 05:30,0.0,4.905
2025-10-24 06:30,2.504,5.761
2025-10-24 07:30,9.942,1.612
2025-10-24 08:30,16.213,1.139
2025-10-24 09:30,21.417,2.454
2025-10-24 10:30,24.009,1.46
2025-10-24 11:30,21.748,1.308
2025-10-24 12:30,19.078,1.11
2025-10-24 13:30,15.92,0.969
2025-10-24 14:30,15.135,0.494
2025-10-24 15:30,9.647,1.204
2025-10-24 16:30,3.38,0.503
2025-10-24 17:30,0.0,1.728
2025-10-24 18:30,0.0,5.275
2025-10-24 19:30,0.0,5.742
2025-10-24 20:30,0.0,5.38
2025-10-24 21:30,0.0,8.221
2025-10-24 22:30,0.0,10.475
2025-10-24 23:30,0.0,10.028
2025-10-25 00:30,0.0,6.617
2025-10-25 01:30,0.0,5.984
2025-10-25 02:30,0.0,5.965
2025-10-25 03:30,0.0,6.653
2025-10-25 04:30,0.0,2.204
2025-10-25 05:30,0.0,2.588
2025-10-25 06:30,2.411,1.898
2025-10-25 07:30,10.719,0.301
2025-10-25 08:30,18.276,0.261
2025-10-25 09:30,23.898,0.425
2025-10-25 10:30,16.577,1.325
2025-10-25 11:30,12.113,0.78
2025-10-25 12:30,23.685,0.145
2025-10-25 13:30,24.07,1.887
2025-10-25 14:30,12.359,1.913
2025-10-25 15:30,6.778,2.329
2025-10-25 16:30,1.62,2.824
2025-10-25 17:30,0.0,1.415
2025-10-25 18:30,0.0,3.23
2025-10-25 19:30,0.0,5.606
2025-10-25 20:30,0.0,5.49
2025-10-25 21:30,0.0,3.578
2025-10-25 22:30,0.0,8.217
2025-10-25 23:30,0.0,8.308
2025-10-26 00:30,0.0,3.904
2025-10-26 01:30,0.0,4.39
2025-10-26 02:30,0.0,5.126
2025-10-26 03:30,0.0,7.801
2025-10-26 04:30,0.0,4.578
2025-10-26 05:30,0.0,3.933
2025-10-26 06:30,0.375,8.123
2025-10-26 07:30,1.466,9.264
2025-10-26 08:30,2.224,3.795
2025-10-26 09:30,6.273,8.075
2025-10-26 10:30,4.134,5.276
2025-10-26 11:30,4.53,0.819
2025-10-26 12:30,5.296,1.732
2025-10-26 13:30,4.505,3.148
2025-10-26 14:30,7.223,4.303
2025-10-26 15:30,3.991,3.415
2025-10-26 16:30,1.284,4.517
2025-10-26 17:30,0.0,6.588
2025-10-26 18:30,0.0,5.941
2025-10-26 19:30,0.0,7.723
2025-10-26 20:30,0.0,6.213
2025-10-26 21:30,0.0,7.704
2025-10-26 22:30,0.0,8.706
2025-10-26 23:30,0.0,7.482
2025-10-27 00:30,0.0,8.172
2025-10-27 01:30,0.0,6.517
2025-10-27 02:30,0.0,7.38
2025-10-27 03:30,0.0,5.294
2025-10-27 04:30,0.0,5.135
2025-10-27 05:30,0.0,8.872
2025-10-27 06:30,1.023,7.654
2025-10-27 07:30,4.076,5.961
2025-10-27 08:30,4.672,5.14
2025-10-27 09:30,11.634,5.191
2025-10-27 10:30,13.771,4.383
2025-10-27 11:30,21.23,2.949
2025-10-27 12:30,20.734,1.432
2025-10-27 13:30,20.502,1.594
2025-10-27 14:30,19.3,2.571
2025-10-27 15:30,9.645,0.324
2025-10-27 16:30,3.787,0.019
2025-10-27 17:30,0.0,3.981
2025-10-27 18:30,0.0,1.719
2025-10-27 19:30,0.0,8.034
2025-10-27 20:30,0.0,5.762
2025-10-27 21:30,0.0,17.452
2025-10-27 22:30,0.0,14.731
2025-10-27 23:30,0.0,11.431
2025-10-28 00:30,0.0,13.104
2025-10-28 01:30,0.0,12.367
2025-10-28 02:30,0.0,14.518
2025-10-28 03:30,0.0,9.415
2025-10-28 04:30,0.0,6.687
2025-10-28 05:30,0.0,7.489
2025-10-28 06:30,1.093,8.589
2025-10-28 07:30,7.511,5.764
2025-10-28 08:30,14.839,4.321
2025-10-28 09:30,19.24,6.016
2025-10-28 10:30,24.729,6.569
2025-10-28 11:30,26.109,5.029
2025-10-28 12:30,21.951,2.007
2025-10-28 13:30,24.783,3.239
2025-10-28 14:30,17.287,3.998
2025-10-28 15:30,11.548,0.507
2025-10-28 16:30,3.229,5.437
2025-10-28 17:30,0.0,10.337
2025-10-28 18:30,0.0,12.425
2025-10-28 19:30,0.0,13.327
2025-10-28 20:30,0.0,17.347
2025-10-28 21:30,0.0,19.584
2025-10-28 22:30,0.0,16.252
2025-10-28 23:30,0.0,17.811
2025-10-29 00:30,0.0,15.055
2025-10-29 01:30,0.0,13.312
2025-10-29 02:30,0.0,14.148
2025-10-29 03:30,0.0,15.114
2025-10-29 04:30,0.0,15.189
2025-10-29 05:30,0.0,13.296
2025-10-29 06:30,0.875,10.591
2025-10-29 07:30,3.264,19.666
2025-10-29 08:30,7.46,20.696
2025-10-29 09:30,7.406,14.369
2025-10-29 10:30,9.591,10.931
2025-10-29 11:30,11.311,14.559
2025-10-29 12:30,15.856,15.966
2025-10-29 13:30,15.342,15.446
2025-10-29 14:30,11.686,20.544
2025-10-29 15:30,6.62,32.391
2025-10-29 16:30,3.813,22.74
2025-10-29 17:30,0.0,19.771
2025-10-29 18:30,0.0,21.776
2025-10-29 19:30,0.0,29.422
2025-10-29 20:30,0.0,28.899
2025-10-29 21:30,0.0,27.995
2025-10-29 22:30,0.0,28.755
2025-10-29 23:30,0.0,29.724
2025-10-30 00:30,0.0,20.989
2025-10-30 01:30,0.0,13.873
2025-10-30 02:30,0.0,9.446
2025-10-30 03:30,0.0,11.203
2025-10-30 04:30,0.0,9.057
2025-10-30 05:30,0.0,9.61
2025-10-30 06:30,0.646,9.58
2025-10-30 07:30,3.545,6.289
2025-10-30 08:30,4.502,9.286
2025-10-30 09:30,6.836,6.254
2025-10-30 10:30,14.453,5.984
2025-10-30 11:30,9.646,4.802
2025-10-30 12:30,7.363,1.555
2025-10-30 13:30,6.278,3.736
2025-10-30 14:30,5.592,4.818
2025-10-30 15:30,6.489,5.027
2025-10-30 16:30,2.675,3.466
2025-10-30 17:30,0.0,6.07
2025-10-30 18:30,0.0,7.231
2025-10-30 19:30,0.0,5.845
2025-10-30 20:30,0.0,6.452
2025-10-30 21:30,0.0,5.488
2025-10-30 22:30,0.0,4.962
2025-10-30 23:30,0.0,4.751
2025-10-31 00:30,0.0,4.333
2025-10-31 01:30,0.0,1.206
2025-10-31 02:30,0.0,2.451
2025-10-31 03:30,0.0,1.19
2025-10-31 04:30,0.0,2.327
2025-10-31 05:30,0.0,1.734
2025-10-31 06:30,0.502,0.348
2025-10-31 07:30,2.396,0.0
2025-10-31 08:30,4.177,0.13
2025-10-31 09:30,11.525,0.0
2025-10-31 10:30,10.26,0.0
2025-10-31 11:30,7.574,0.0
2025-10-31 12:30,9.537,0.175
2025-10-31 13:30,3.278,0.32
2025-10-31 14:30,5.216,0.294
2025-10-31 15:30,2.159,0.232
2025-10-31 16:30,1.051,0.616
2025-10-31 17:30,0.0,0.985
2025-10-31 18:30,0.0,0.588
2025-10-31 19:30,0.0,2.253
2025-10-31 20:30,0.0,1.765
2025-10-31 21:30,0.0,1.412
2025-10-31 22:30,0.0,0.613
2025-10-31 23:30,0.0,0.483
2025-11-01 00:30,0.0,1.01
2025-11-01 01:30,0.0,1.436
2025-11-01 02:30,0.0,0.678
2025-11-01 03:30,0.0,0.682
2025-11-01 04:30,0.0,2.171
2025-11-01 05:30,0.0,1.217
2025-11-01 06:30,2.152,1.037
2025-11-01 07:30,9.617,0.0
2025-11-01 08:30,15.974,0.0
2025-11-01 09:30,20.07,0.0
2025-11-01 10:30,23.892,0.0
2025-11-01 11:30,18.295,0.022
2025-11-01 12:30,18.537,0.0
2025-11-01 13:30,19.926,0.0
2025-11-01 14:30,14.713,0.011
2025-11-01 15:30,8.682,0.023
2025-11-01 16:30,3.186,0.994
2025-11-01 17:30,0.0,1.182
2025-11-01 18:30,0.0,1.039
2025-11-01 19:30,0.0,0.763
2025-11-01 20:30,0.0,0.314
2025-11-01 21:30,0.0,0.167
2025-11-01 22:30,0.0,0.193
2025-11-01 23:30,0.0,0.304
2025-11-02 00:30,0.0,0.13
2025-11-02 01:30,0.0,0.0
2025-11-02 02:30,0.0,0.0
2025-11-02 03:30,0.0,0.0
2025-11-02 04:30,0.0,0.0
2025-11-02 05:30,0.0,0.0
2025-11-02 06:30,1.577,0.0
2025-11-02 07:30,8.709,0.0
2025-11-02 08:30,15.398,0.0
2025-11-02 09:30,18.636,0.0
2025-11-02 10:30,20.601,0.639
2025-11-02 11:30,21.4,1.441
2025-11-02 12:30,20.222,2.755
2025-11-02 13:30,18.534,4.148
2025-11-02 14:30,13.286,4.474
2025-11-02 15:30,9.06,5.155
2025-11-02 16:30,3.337,2.207
2025-11-02 17:30,0.0,1.933
2025-11-02 18:30,0.0,2.003
2025-11-02 19:30,0.0,1.304
2025-11-02 20:30,0.0,0.912
2025-11-02 21:30,0.0,0.42
2025-11-02 22:30,0.0,0.855
2025-11-02 23:30,0.0,0.449
2025-11-03 00:30,0.0,0.983
2025-11-03 01:30,0.0,2.97
2025-11-03 02:30,0.0,1.793
2025-11-03 03:30,0.0,4.124
2025-11-03 04:30,0.0,3.892
2025-11-03 05:30,0.0,2.191
2025-11-03 06:30,1.3,2.287
2025-11-03 07:30,4.615,1.939
2025-11-03 08:30,14.711,1.03
2025-11-03 09:30,22.377,0.95
2025-11-03 10:30,24.206,1.485
2025-11-03 11:30,27.278,1.685
2025-11-03 12:30,25.677,2.181
2025-11-03 13:30,22.258,2.32
2025-11-03 14:30,17.288,1.771
2025-11-03 15:30,11.211,1.815
2025-11-03 16:30,2.969,3.985
2025-11-03 17:30,0.0,7.049
2025-11-03 18:30,0.0,5.968
2025-11-03 19:30,0.0,5.31
2025-11-03 20:30,0.0,3.197
2025-11-03 21:30,0.0,2.258
2025-11-03 22:30,0.0,8.901
2025-11-03 23:30,0.0,9.285
2025-11-04 00:30,0.0,8.554
2025-11-04 01:30,0.0,7.781
2025-11-04 02:30,0.0,7.562
2025-11-04 03:30,0.0,10.219
2025-11-04 04:30,0.0,10.998
2025-11-04 05:30,0.0,6.164
2025-11-04 06:30,1.585,4.812
2025-11-04 07:30,7.537,12.073
2025-11-04 08:30,10.163,7.593
2025-11-04 09:30,17.034,5.578
2025-11-04 10:30,21.291,5.84
2025-11-04 11:30,22.141,5.62
2025-11-04 12:30,22.353,6.608
2025-11-04 13:30,21.072,6.529
2025-11-04 14:30,15.668,5.291
2025-11-04 15:30,10.553,6.397
2025-11-04 16:30,3.855,5.961
2025-11-04 17:30,0.0,11.034
2025-11-04 18:30,0.0,15.258
2025-11-04 19:30,0.0,11.565
2025-11-04 20:30,0.0,8.725
2025-11-04 21:30,0.0,5.484
2025-11-04 22:30,0.0,2.685
2025-11-04 23:30,0.0,3.538
2025-11-05 00:30,0.0,6.417
2025-11-05 01:30,0.0,7.249
2025-11-05 02:30,0.0,7.306
2025-11-05 03:30,0.0,6.175
2025-11-05 04:30,0.0,4.758
2025-11-05 05:30,0.0,4.428
2025-11-05 06:30,2.13,4.922
2025-11-05 07:30,10.373,1.403
2025-11-05 08:30,16.833,0.577
2025-11-05 09:30,22.189,0.047
2025-11-05 10:30,23.546,0.0
2025-11-05 11:30,26.77,0.0
2025-11-05 12:30,26.648,0.0
2025-11-05 13:30,26.188,0.0
2025-11-05 14:30,19.335,0.408
2025-11-05 15:30,13.209,2.947
2025-11-05 16:30,4.359,8.217
2025-11-05 17:30,0.0,6.368
2025-11-05 18:30,0.0,8.098
2025-11-05 19:30,0.0,7.995
2025-11-05 20:30,0.0,7.218
2025-11-05 21:30,0.0,6.954
2025-11-05 22:30,0.0,3.715
2025-11-05 23:30,0.0,3.082
2025-11-06 00:30,0.0,6.189
2025-11-06 01:30,0.0,5.277
2025-11-06 02:30,0.0,4.812
2025-11-06 03:30,0.0,5.185
2025-11-06 04:30,0.0,7.499
2025-11-06 05:30,0.0,9.12
2025-11-06 06:30,1.753,9.008
2025-11-06 07:30,8.428,10.813
2025-11-06 08:30,13.82,2.337
2025-11-06 09:30,19.287,4.593
2025-11-06 10:30,25.187,2.284
2025-11-06 11:30,25.286,1.747
2025-11-06 12:30,25.279,1.271
2025-11-06 13:30,22.595,1.111
2025-11-06 14:30,17.534,1.06
2025-11-06 15:30,11.038,1.677
2025-11-06 16:30,3.971,3.832
2025-11-06 17:30,0.0,5.51
2025-11-06 18:30,0.0,8.515
2025-11-06 19:30,0.0,8.873
2025-11-06 20:30,0.0,12.338
2025-11-06 21:30,0.0,10.941
2025-11-06 22:30,0.0,8.188
2025-11-06 23:30,0.0,8.346
2025-11-07 00:30,0.0,6.891
2025-11-07 01:30,0.0,5.2
2025-11-07 02:30,0.0,5.193
2025-11-07 03:30,0.0,7.874
2025-11-07 04:30,0.0,4.094
2025-11-07 05:30,0.0,4.486
2025-11-07 06:30,2.19,5.191
2025-11-07 07:30,11.105,3.736
2025-11-07 08:30,19.97,0.621
2025-11-07 09:30,25.5,0.448
2025-11-07 10:30,29.064,0.052
2025-11-07 11:30,26.794,0.0
2025-11-07 12:30,29.719,0.0
2025-11-07 13:30,26.118,0.0
2025-11-07 14:30,20.194,0.136
2025-11-07 15:30,11.623,1.165
2025-11-07 16:30,4.428,5.49
2025-11-07 17:30,0.0,9.21
2025-11-07 18:30,0.0,6.559
2025-11-07 19:30,0.0,6.025
2025-11-07 20:30,0.0,5.466
2025-11-07 21:30,0.0,4.29
2025-11-07 22:30,0.0,3.999
2025-11-07 23:30,0.0,7.086
2025-11-08 00:30,0.0,6.669
2025-11-08 01:30,0.0,5.47
2025-11-08 02:30,0.0,5.236
2025-11-08 03:30,0.0,5.865
2025-11-08 04:30,0.0,3.588
2025-11-08 05:30,0.0,2.093
2025-11-08 06:30,2.04,0.676
2025-11-08 07:30,8.977,0.378
2025-11-08 08:30,16.144,0.0
2025-11-08 09:30,21.861,0.0
2025-11-08 10:30,24.043,0.0
2025-11-08 11:30,25.985,0.0
2025-11-08 12:30,27.161,0.044
2025-11-08 13:30,25.696,0.35
2025-11-08 14:30,16.945,1.205
2025-11-08 15:30,11.931,2.527
2025-11-08 16:30,4.191,4.395
2025-11-08 17:30,0.0,5.024
2025-11-08 18:30,0.0,7.123
2025-11-08 19:30,0.0,11.68
2025-11-08 20:30,0.0,9.072
2025-11-08 21:30,0.0,8.197
2025-11-08 22:30,0.0,8.122
2025-11-08 23:30,0.0,5.852
2025-11-09 00:30,0.0,4.22
2025-11-09 01:30,0.0,2.973
2025-11-09 02:30,0.0,3.151
2025-11-09 03:30,0.0,2.391
2025-11-09 04:30,0.0,1.003
2025-11-09 05:30,0.0,0.611
2025-11-09 06:30,2.321,0.385
2025-11-09 07:30,10.961,0.204
2025-11-09 08:30,15.317,0.0
2025-11-09 09:30,22.484,0.323
2025-11-09 10:30,24.637,0.793
2025-11-09 11:30,25.938,0.84
2025-11-09 12:30,25.255,0.75
2025-11-09 13:30,20.787,0.997
2025-11-09 14:30,18.882,1.276
2025-11-09 15:30,11.966,1.536
2025-11-09 16:30,4.464,2.033
2025-11-09 17:30,0.0,3.154
2025-11-09 18:30,0.0,4.01
2025-11-09 19:30,0.0,3.503
2025-11-09 20:30,0.0,2.601
2025-11-09 21:30,0.0,1.155
2025-11-09 22:30,0.0,1.226
2025-11-09 23:30,0.0,1.188
2025-11-10 00:30,0.0,1.108
2025-11-10 01:30,0.0,1.066
2025-11-10 02:30,0.0,0.571
2025-11-10 03:30,0.0,0.373
2025-11-10 04:30,0.0,0.36
2025-11-10 05:30,0.0,0.197
2025-11-10 06:30,2.089,0.083
2025-11-10 07:30,10.136,0.019
2025-11-10 08:30,16.941,0.0
2025-11-10 09:30,22.212,0.0
2025-11-10 10:30,24.975,0.0
2025-11-10 11:30,25.208,0.0
2025-11-10 12:30,25.193,0.0
2025-11-10 13:30,23.56,0.0
2025-11-10 14:30,20.462,0.0
2025-11-10 15:30,12.818,0.0
2025-11-10 16:30,4.836,0.0
2025-11-10 17:30,0.0,0.134
2025-11-10 18:30,0.0,3.935
2025-11-10 19:30,0.0,6.88
2025-11-10 20:30,0.0,4.454
2025-11-10 21:30,0.0,1.133
2025-11-10 22:30,0.0,0.217
2025-11-10 23:30,0.0,0.271
2025-11-11 00:30,0.0,0.071
2025-11-11 01:30,0.0,0.0
2025-11-11 02:30,0.0,0.0
2025-11-11 03:30,0.0,0.0
2025-11-11 04:30,0.0,0.0
2025-11-11 05:30,0.0,0.05
2025-11-11 06:30,1.855,0.162
2025-11-11 07:30,8.617,0.067
2025-11-11 08:30,15.628,0.0
2025-11-11 09:30,19.946,0.0
2025-11-11 10:30,23.319,0.0
2025-11-11 11:30,23.15,0.0
2025-11-11 12:30,23.023,0.0
2025-11-11 13:30,23.601,0.0
2025-11-11 14:30,19.024,0.0
2025-11-11 15:30,11.992,0.305
2025-11-11 16:30,4.282,0.875
2025-11-11 17:30,0.0,1.876
2025-11-11 18:30,0.0,6.721
2025-11-11 19:30,0.0,8.122
2025-11-11 20:30,0.0,3.466
2025-11-11 21:30,0.0,2.307
2025-11-11 22:30,0.0,0.482
2025-11-11 23:30,0.0,0.218
2025-11-12 00:30,0.0,0.344
2025-11-12 01:30,0.0,0.688
2025-11-12 02:30,0.0,0.911
2025-11-12 03:30,0.0,1.155
2025-11-12 04:30,0.0,2.115
2025-11-12 05:30,0.0,1.59
2025-11-12 06:30,1.701,1.531
2025-11-12 07:30,8.682,0.67
2025-11-12 08:30,15.713,0.0
2025-11-12 09:30,20.994,0.012
2025-11-12 10:30,23.079,0.0
2025-11-12 11:30,25.485,0.0
2025-11-12 12:30,26.005,0.0
2025-11-12 13:30,23.643,0.0
2025-11-12 14:30,18.299,0.224
2025-11-12 15:30,11.54,1.529
2025-11-12 16:30,4.22,6.35
2025-11-12 17:30,0.0,5.821
2025-11-12 18:30,0.0,3.985
2025-11-12 19:30,0.0,3.872
2025-11-12 20:30,0.0,2.962
2025-11-12 21:30,0.0,1.754
2025-11-12 22:30,0.0,0.865
2025-11-12 23:30,0.0,1.032
2025-11-13 00:30,0.0,0.709
2025-11-13 01:30,0.0,3.847
2025-11-13 02:30,0.0,2.675
2025-11-13 03:30,0.0,2.004
2025-11-13 04:30,0.0,4.503
2025-11-13 05:30,0.0,5.208
2025-11-13 06:30,2.148,4.82
2025-11-13 07:30,10.862,2.455
2025-11-13 08:30,18.231,0.329
2025-11-13 09:30,22.98,0.409
2025-11-13 10:30,26.076,0.824
2025-11-13 11:30,26.902,0.868
2025-11-13 12:30,27.251,1.304
2025-11-13 13:30,23.154,1.958
2025-11-13 14:30,15.992,2.315
2025-11-13 15:30,8.071,2.561
2025-11-13 16:30,3.27,3.585
2025-11-13 17:30,0.0,4.358
2025-11-13 18:30,0.0,4.071
2025-11-13 19:30,0.0,2.34
2025-11-13 20:30,0.0,2.024
2025-11-13 21:30,0.0,1.231
2025-11-13 22:30,0.0,8.355
2025-11-13 23:30,0.0,11.846
2025-11-14 00:30,0.0,9.035
2025-11-14 01:30,0.0,8.79
2025-11-14 02:30,0.0,8.507
2025-11-14 03:30,0.0,7.869
2025-11-14 04:30,0.0,9.418
2025-11-14 05:30,0.0,6.887
2025-11-14 06:30,1.41,4.677
2025-11-14 07:30,8.474,2.543
2025-11-14 08:30,13.955,0.249
2025-11-14 09:30,18.69,0.32
2025-11-14 10:30,21.14,0.35
2025-11-14 11:30,20.856,0.037
2025-11-14 12:30,20.51,0.0
2025-11-14 13:30,20.646,0.0
2025-11-14 14:30,15.886,0.081
2025-11-14 15:30,10.288,0.423
2025-11-14 16:30,3.422,2.247
2025-11-14 17:30,0.0,6.817
2025-11-14 18:30,0.0,9.63
2025-11-14 19:30,0.0,10.219
2025-11-14 20:30,0.0,6.414
2025-11-14 21:30,0.0,4.242
2025-11-14 22:30,0.0,3.94
2025-11-14 23:30,0.0,7.107
2025-11-15 00:30,0.0,9.178
2025-11-15 01:30,0.0,6.707
2025-11-15 02:30,0.0,6.556
2025-11-15 03:30,0.0,5.866
2025-11-15 04:30,0.0,7.195
2025-11-15 05:30,0.0,7.243
2025-11-15 06:30,1.228,7.364
2025-11-15 07:30,7.788,6.899
2025-11-15 08:30,14.216,1.502
2025-11-15 09:30,19.21,1.751
2025-11-15 10:30,23.677,0.775
2025-11-15 11:30,20.822,0.359
2025-11-15 12:30,23.117,0.397
2025-11-15 13:30,22.424,0.753
2025-11-15 14:30,19.479,1.402
2025-11-15 15:30,11.967,2.441
2025-11-15 16:30,4.155,4.939
2025-11-15 17:30,0.0,9.438
2025-11-15 18:30,0.0,12.157
2025-11-15 19:30,0.0,9.108
2025-11-15 20:30,0.0,5.117
2025-11-15 21:30,0.0,3.779
2025-11-15 22:30,0.0,4.11
2025-11-15 23:30,0.0,5.784
2025-11-16 00:30,0.0,6.72
2025-11-16 01:30,0.0,7.286
2025-11-16 02:30,0.0,7.586
2025-11-16 03:30,0.0,8.558
2025-11-16 04:30,0.0,12.36
2025-11-16 05:30,0.0,11.209
2025-11-16 06:30,1.77,9.539
2025-11-16 07:30,10.227,7.205
2025-11-16 08:30,17.804,0.981
2025-11-16 09:30,23.783,1.822
2025-11-16 10:30,27.848,3.819
2025-11-16 11:30,26.954,3.079
2025-11-16 12:30,25.034,2.423
2025-11-16 13:30,21.174,2.276
2025-11-16 14:30,17.967,2.609
2025-11-16 15:30,12.461,2.944
2025-11-16 16:30,3.924,3.59
2025-11-16 17:30,0.0,5.467
2025-11-16 18:30,0.0,7.38
2025-11-16 19:30,0.0,6.389
2025-11-16 20:30,0.0,5.819
2025-11-16 21:30,0.0,4.485
2025-11-16 22:30,0.0,4.028
2025-11-16 23:30,0.0,9.262
2025-11-17 00:30,0.0,8.236
2025-11-17 01:30,0.0,7.219
2025-11-17 02:30,0.0,5.413
2025-11-17 03:30,0.0,5.143
2025-11-17 04:30,0.0,5.987
2025-11-17 05:30,0.0,6.39
2025-11-17 06:30,1.54,8.002
2025-11-17 07:30,8.984,7.15
2025-11-17 08:30,16.018,1.795
2025-11-17 09:30,19.288,4.803
2025-11-17 10:30,21.627,6.126
2025-11-17 11:30,20.476,5.184
2025-11-17 12:30,19.718,4.314
2025-11-17 13:30,19.518,3.449
2025-11-17 14:30,14.688,2.675
2025-11-17 15:30,10.086,3.275
2025-11-17 16:30,4.193,4.127
2025-11-17 17:30,0.0,6.476
2025-11-17 18:30,0.0,5.616
2025-11-17 19:30,0.0,2.903
2025-11-17 20:30,0.0,1.658
2025-11-17 21:30,0.0,1.354
2025-11-17 22:30,0.0,3.303
2025-11-17 23:30,0.0,7.478
2025-11-18 00:30,0.0,8.002
2025-11-18 01:30,0.0,9.473
2025-11-18 02:30,0.0,7.398
2025-11-18 03:30,0.0,5.36
2025-11-18 04:30,0.0,6.126
2025-11-18 05:30,0.0,8.262
2025-11-18 06:30,1.416,9.912
2025-11-18 07:30,8.925,8.979
2025-11-18 08:30,15.913,1.469
2025-11-18 09:30,20.748,2.059
2025-11-18 10:30,24.587,0.887
2025-11-18 11:30,26.942,0.439
2025-11-18 12:30,26.797,0.381
2025-11-18 13:30,22.602,0.426
2025-11-18 14:30,18.046,0.635
2025-11-18 15:30,11.075,1.725
2025-11-18 16:30,3.925,3.331
2025-11-18 17:30,0.0,8.351
2025-11-18 18:30,0.0,13.125
2025-11-18 19:30,0.0,9.908
2025-11-18 20:30,0.0,9.707
2025-11-18 21:30,0.0,10.185
2025-11-18 22:30,0.0,11.192
2025-11-18 23:30,0.0,12.323
2025-11-19 00:30,0.0,11.432
2025-11-19 01:30,0.0,7.791
2025-11-19 02:30,0.0,5.156
2025-11-19 03:30,0.0,4.932
2025-11-19 04:30,0.0,4.35
2025-11-19 05:30,0.0,4.216
2025-11-19 06:30,1.61,4.251
2025-11-19 07:30,9.855,3.295
2025-11-19 08:30,15.691,0.435
2025-11-19 09:30,19.311,1.873
2025-11-19 10:30,24.984,0.338
2025-11-19 11:30,24.786,0.055
2025-11-19 12:30,21.347,0.0
2025-11-19 13:30,20.357,0.001
2025-11-19 14:30,15.932,0.203
2025-11-19 15:30,10.91,1.012
2025-11-19 16:30,3.901,4.459
2025-11-19 17:30,0.0,10.107
2025-11-19 18:30,0.0,9.876
2025-11-19 19:30,0.0,7.299
2025-11-19 20:30,0.0,5.764
2025-11-19 21:30,0.0,6.808
2025-11-19 22:30,0.0,7.825
2025-11-19 23:30,0.0,6.824
2025-11-20 00:30,0.0,5.586
2025-11-20 01:30,0.0,5.145
2025-11-20 02:30,0.0,4.186
2025-11-20 03:30,0.0,3.125
2025-11-20 04:30,0.0,4.702
2025-11-20 05:30,0.0,5.606
2025-11-20 06:30,1.053,5.367
2025-11-20 07:30,8.345,4.733
2025-11-20 08:30,16.505,0.822
2025-11-20 09:30,22.637,1.338
2025-11-20 10:30,27.582,0.369
2025-11-20 11:30,27.165,0.032
2025-11-20 12:30,24.072,0.0
2025-11-20 13:30,21.536,0.0
2025-11-20 14:30,17.919,0.152
2025-11-20 15:30,11.862,0.44
2025-11-20 16:30,4.272,3.693
2025-11-20 17:30,0.0,8.597
2025-11-20 18:30,0.0,13.439
2025-11-20 19:30,0.0,13.789
2025-11-20 20:30,0.0,8.447
2025-11-20 21:30,0.0,6.992
2025-11-20 22:30,0.0,6.264
2025-11-20 23:30,0.0,5.026
2025-11-21 00:30,0.0,3.565
2025-11-21 01:30,0.0,2.298
2025-11-21 02:30,0.0,2.271
2025-11-21 03:30,0.0,2.676
2025-11-21 04:30,0.0,3.323
2025-11-21 05:30,0.0,2.373
2025-11-21 06:30,1.3,2.352
2025-11-21 07:30,7.042,2.324
2025-11-21 08:30,14.323,0.451
2025-11-21 09:30,18.183,0.198
2025-11-21 10:30,20.556,0.0
2025-11-21 11:30,21.992,0.0
2025-11-21 12:30,20.802,0.0
2025-11-21 13:30,19.749,0.0
2025-11-21 14:30,16.88,0.0
2025-11-21 15:30,11.373,0.206
2025-11-21 16:30,3.657,4.052
2025-11-21 17:30,0.0,11.5
2025-11-21 18:30,0.0,8.24
2025-11-21 19:30,0.0,4.833
2025-11-21 20:30,0.0,2.944
2025-11-21 21:30,0.0,2.736
2025-11-21 22:30,0.0,3.649
2025-11-21 23:30,0.0,3.09
2025-11-22 00:30,0.0,3.215
2025-11-22 01:30,0.0,2.637
2025-11-22 02:30,0.0,1.512
2025-11-22 03:30,0.0,0.924
2025-11-22 04:30,0.0,0.963
2025-11-22 05:30,0.0,1.153
2025-11-22 06:30,0.99,2.034
2025-11-22 07:30,8.545,1.498
2025-11-22 08:30,15.563,0.234
2025-11-22 09:30,20.855,0.197
2025-11-22 10:30,24.091,0.0
2025-11-22 11:30,25.38,0.0
2025-11-22 12:30,24.844,0.0
2025-11-22 13:30,21.228,0.0
2025-11-22 14:30,17.763,0.0
2025-11-22 15:30,11.527,0.0
2025-11-22 16:30,3.838,0.364
2025-11-22 17:30,0.0,0.317
2025-11-22 18:30,0.0,1.084
2025-11-22 19:30,0.0,2.288
2025-11-22 20:30,0.0,2.966
2025-11-22 21:30,0.0,3.946
2025-11-22 22:30,0.0,2.981
2025-11-22 23:30,0.0,2.216
2025-11-23 00:30,0.0,1.584
2025-11-23 01:30,0.0,2.192
2025-11-23 02:30,0.0,2.582
2025-11-23 03:30,0.0,2.389
2025-11-23 04:30,0.0,2.829
2025-11-23 05:30,0.0,2.733
2025-11-23 06:30,0.949,3.241
2025-11-23 07:30,7.471,2.439
2025-11-23 08:30,13.702,0.403
2025-11-23 09:30,19.36,0.459
2025-11-23 10:30,21.487,0.012
2025-11-23 11:30,19.348,0.0
2025-11-23 12:30,17.55,0.0
2025-11-23 13:30,15.094,0.0
2025-11-23 14:30,12.259,0.223
2025-11-23 15:30,8.324,1.319
2025-11-23 16:30,3.196,1.875
2025-11-23 17:30,0.0,4.403
2025-11-23 18:30,0.0,5.811
2025-11-23 19:30,0.0,5.064
2025-11-23 20:30,0.0,5.718
2025-11-23 21:30,0.0,4.869
2025-11-23 22:30,0.0,7.949
2025-11-23 23:30,0.0,5.982
2025-11-24 00:30,0.0,4.207
2025-11-24 01:30,0.0,4.103
2025-11-24 02:30,0.0,4.38
2025-11-24 03:30,0.0,4.487
2025-11-24 04:30,0.0,5.209
2025-11-24 05:30,0.0,6.39
2025-11-24 06:30,0.979,6.207
2025-11-24 07:30,7.559,6.215
2025-11-24 08:30,14.616,2.045
2025-11-24 09:30,20.679,1.907
2025-11-24 10:30,22.324,1.018
2025-11-24 11:30,21.327,0.0
2025-11-24 12:30,20.503,0.0
2025-11-24 13:30,16.167,0.0
2025-11-24 14:30,14.377,0.0
2025-11-24 15:30,7.896,0.0
2025-11-24 16:30,2.398,0.0
2025-11-24 17:30,0.0,0.128
2025-11-24 18:30,0.0,2.098
2025-11-24 19:30,0.0,3.56
2025-11-24 20:30,0.0,1.803
2025-11-24 21:30,0.0,2.883
2025-11-24 22:30,0.0,5.047
2025-11-24 23:30,0.0,3.631
2025-11-25 00:30,0.0,3.712
2025-11-25 01:30,0.0,3.394
2025-11-25 02:30,0.0,2.968
2025-11-25 03:30,0.0,3.474
2025-11-25 04:30,0.0,4.982
2025-11-25 05:30,0.0,4.599
2025-11-25 06:30,0.465,6.133
2025-11-25 07:30,3.92,3.534
2025-11-25 08:30,10.806,2.202
2025-11-25 09:30,13.293,1.782
2025-11-25 10:30,15.43,0.678
2025-11-25 11:30,15.65,0.0
2025-11-25 12:30,15.279,0.0
2025-11-25 13:30,13.837,0.0
2025-11-25 14:30,11.261,0.0
2025-11-25 15:30,7.083,0.0
2025-11-25 16:30,2.423,4.036
2025-11-25 17:30,0.0,10.046
2025-11-25 18:30,0.0,5.393
2025-11-25 19:30,0.0,3.907
2025-11-25 20:30,0.0,8.665
2025-11-25 21:30,0.0,9.815
2025-11-25 22:30,0.0,8.242
2025-11-25 23:30,0.0,6.546
2025-11-26 00:30,0.0,6.587
2025-11-26 01:30,0.0,7.769
2025-11-26 02:30,0.0,6.39
2025-11-26 03:30,0.0,6.99
2025-11-26 04:30,0.0,8.189
2025-11-26 05:30,0.0,6.355
2025-11-26 06:30,0.921,5.939
2025-11-26 07:30,7.715,4.164
2025-11-26 08:30,12.809,0.709
2025-11-26 09:30,18.006,1.223
2025-11-26 10:30,21.638,0.839
2025-11-26 11:30,19.561,0.399
2025-11-26 12:30,20.854,0.175
2025-11-26 13:30,15.468,0.0
2025-11-26 14:30,14.601,0.0
2025-11-26 15:30,8.695,0.0
2025-11-26 16:30,3.082,0.023
2025-11-26 17:30,0.0,0.219
2025-11-26 18:30,0.0,1.122
2025-11-26 19:30,0.0,4.75
2025-11-26 20:30,0.0,4.397
2025-11-26 21:30,0.0,6.094
2025-11-26 22:30,0.0,4.897
2025-11-26 23:30,0.0,4.947
2025-11-27 00:30,0.0,6.183
2025-11-27 01:30,0.0,8.02
2025-11-27 02:30,0.0,7.134
2025-11-27 03:30,0.0,5.653
2025-11-27 04:30,0.0,6.004
2025-11-27 05:30,0.0,4.699
2025-11-27 06:30,0.774,4.59
2025-11-27 07:30,7.413,4.176
2025-11-27 08:30,13.702,0.918
2025-11-27 09:30,17.486,0.412
2025-11-27 10:30,20.353,0.002
2025-11-27 11:30,21.788,0.048
2025-11-27 12:30,20.284,0.147
2025-11-27 13:30,18.688,0.365
2025-11-27 14:30,15.773,0.983
2025-11-27 15:30,8.167,2.174
2025-11-27 16:30,2.819,3.942
2025-11-27 17:30,0.0,12.988
2025-11-27 18:30,0.0,12.481
2025-11-27 19:30,0.0,9.347
2025-11-27 20:30,0.0,7.726
2025-11-27 21:30,0.0,7.651
2025-11-27 22:30,0.0,5.912
2025-11-27 23:30,0.0,7.342
2025-11-28 00:30,0.0,6.696
2025-11-28 01:30,0.0,6.193
2025-11-28 02:30,0.0,6.074
2025-11-28 03:30,0.0,5.371
2025-11-28 04:30,0.0,5.075
2025-11-28 05:30,0.0,4.306
2025-11-28 06:30,0.751,4.256
2025-11-28 07:30,6.698,3.184
2025-11-28 08:30,12.974,0.972
2025-11-28 09:30,17.406,2.324
2025-11-28 10:30,21.195,2.655
2025-11-28 11:30,21.395,2.858
2025-11-28 12:30,20.815,3.237
2025-11-28 13:30,16.558,3.66
2025-11-28 14:30,14.407,4.421
2025-11-28 15:30,9.154,4.084
2025-11-28 16:30,3.208,2.979
2025-11-28 17:30,0.0,4.588
2025-11-28 18:30,0.0,3.388
2025-11-28 19:30,0.0,1.425
2025-11-28 20:30,0.0,1.108
2025-11-28 21:30,0.0,5.42
2025-11-28 22:30,0.0,5.533
2025-11-28 23:30,0.0,4.453
2025-11-29 00:30,0.0,3.657
2025-11-29 01:30,0.0,3.856
2025-11-29 02:30,0.0,4.35
2025-11-29 03:30,0.0,4.65
2025-11-29 04:30,0.0,5.865
2025-11-29 05:30,0.0,5.463
2025-11-29 06:30,0.781,5.22
2025-11-29 07:30,7.22,4.72
2025-11-29 08:30,13.683,1.032
2025-11-29 09:30,17.521,1.63
2025-11-29 10:30,18.225,1.868
2025-11-29 11:30,19.063,2.546
2025-11-29 12:30,20.349,4.146
2025-11-29 13:30,15.455,5.02
2025-11-29 14:30,12.971,5.116
2025-11-29 15:30,8.15,4.309
2025-11-29 16:30,3.384,3.494
2025-11-29 17:30,0.0,3.995
2025-11-29 18:30,0.0,2.59
2025-11-29 19:30,0.0,1.255
2025-11-29 20:30,0.0,1.144
2025-11-29 21:30,0.0,1.277
2025-11-29 22:30,0.0,1.954
2025-11-29 23:30,0.0,1.9
2025-11-30 00:30,0.0,3.116
2025-11-30 01:30,0.0,3.408
2025-11-30 02:30,0.0,3.075
2025-11-30 03:30,0.0,3.555
2025-11-30 04:30,0.0,4.409
2025-11-30 05:30,0.0,4.542
2025-11-30 06:30,0.65,4.097
2025-11-30 07:30,7.282,3.51
2025-11-30 08:30,13.37,1.722
2025-11-30 09:30,16.876,0.397
2025-11-30 10:30,20.122,1.343
2025-11-30 11:30,20.544,1.664
2025-11-30 12:30,21.457,1.953
2025-11-30 13:30,18.446,1.746
2025-11-30 14:30,14.908,1.8
2025-11-30 15:30,7.518,2.831
2025-11-30 16:30,2.515,2.798
2025-11-30 17:30,0.0,6.276
2025-11-30 18:30,0.0,5.928
2025-11-30 19:30,0.0,3.858
2025-11-30 20:30,0.0,1.541
2025-11-30 21:30,0.0,1.626
2025-11-30 22:30,0.0,2.978
2025-11-30 23:30,0.0,3.359
2025-12-01 00:30,0.0,2.928
2025-12-01 01:30,0.0,1.851
2025-12-01 02:30,0.0,0.749
2025-12-01 03:30,0.0,0.535
2025-12-01 04:30,0.0,1.831
2025-12-01 05:30,0.0,3.031
2025-12-01 06:30,0.699,3.262
2025-12-01 07:30,6.817,2.722
2025-12-01 08:30,13.45,0.409
2025-12-01 09:30,17.807,0.609
2025-12-01 10:30,21.556,0.429
2025-12-01 11:30,22.331,0.163
2025-12-01 12:30,21.575,0.052
2025-12-01 13:30,20.303,0.092
2025-12-01 14:30,16.823,0.321
2025-12-01 15:30,10.687,0.529
2025-12-01 16:30,3.551,2.453
2025-12-01 17:30,0.0,2.664
2025-12-01 18:30,0.0,4.269
2025-12-01 19:30,0.0,3.1
2025-12-01 20:30,0.0,1.662
2025-12-01 21:30,0.0,1.626
2025-12-01 22:30,0.0,0.411
2025-12-01 23:30,0.0,0.311
2025-12-02 00:30,0.0,0.437
2025-12-02 01:30,0.0,0.161
2025-12-02 02:30,0.0,0.212
2025-12-02 03:30,0.0,0.197
2025-12-02 04:30,0.0,0.383
2025-12-02 05:30,0.0,0.257
2025-12-02 06:30,0.875,0.478
2025-12-02 07:30,8.631,1.213
2025-12-02 08:30,16.42,0.371
2025-12-02 09:30,22.978,0.289
2025-12-02 10:30,23.537,0.466
2025-12-02 11:30,29.556,0.421
2025-12-02 12:30,28.847,0.326
2025-12-02 13:30,27.271,0.327
2025-12-02 14:30,20.649,0.418
2025-12-02 15:30,12.817,0.472
2025-12-02 16:30,4.257,2.241
2025-12-02 17:30,0.0,4.545
2025-12-02 18:30,0.0,4.849
2025-12-02 19:30,0.0,2.147
2025-12-02 20:30,0.0,1.592
2025-12-02 21:30,0.0,0.762
2025-12-02 22:30,0.0,2.661
2025-12-02 23:30,0.0,2.476
2025-12-03 00:30,0.0,0.884
2025-12-03 01:30,0.0,0.419
2025-12-03 02:30,0.0,1.081
2025-12-03 03:30,0.0,1.536
2025-12-03 04:30,0.0,4.821
2025-12-03 05:30,0.0,5.916
2025-12-03 06:30,0.63,8.131
2025-12-03 07:30,6.692,6.15
2025-12-03 08:30,12.186,1.614
2025-12-03 09:30,14.502,2.176
2025-12-03 10:30,17.9,6.061
2025-12-03 11:30,24.096,3.11
2025-12-03 12:30,22.19,2.212
2025-12-03 13:30,19.63,2.186
2025-12-03 14:30,16.685,3.368
2025-12-03 15:30,11.692,5.134
2025-12-03 16:30,3.776,9.614
2025-12-03 17:30,0.0,12.25
2025-12-03 18:30,0.0,12.456
2025-12-03 19:30,0.0,15.057
2025-12-03 20:30,0.0,14.344
2025-12-03 21:30,0.0,15.288
2025-12-03 22:30,0.0,15.38
2025-12-03 23:30,0.0,8.629
2025-12-04 00:30,0.0,7.863
2025-12-04 01:30,0.0,11.045
2025-12-04 02:30,0.0,7.46
2025-12-04 03:30,0.0,7.414
2025-12-04 04:30,0.0,7.706
2025-12-04 05:30,0.0,7.761
2025-12-04 06:30,0.702,9.725
2025-12-04 07:30,7.848,11.74
2025-12-04 08:30,15.299,2.012
2025-12-04 09:30,20.536,1.946
2025-12-04 10:30,24.745,1.294
2025-12-04 11:30,23.873,0.094
2025-12-04 12:30,22.025,0.0
2025-12-04 13:30,18.519,0.135
2025-12-04 14:30,14.987,0.265
2025-12-04 15:30,8.988,0.71
2025-12-04 16:30,3.066,8.709
2025-12-04 17:30,0.0,10.648
2025-12-04 18:30,0.0,11.56
2025-12-04 19:30,0.0,9.9
2025-12-04 20:30,0.0,8.314
2025-12-04 21:30,0.0,5.624
2025-12-04 22:30,0.0,6.768
2025-12-04 23:30,0.0,8.979
2025-12-05 00:30,0.0,4.95
2025-12-05 01:30,0.0,5.851
2025-12-05 02:30,0.0,6.025
2025-12-05 03:30,0.0,3.915
2025-12-05 04:30,0.0,5.236
2025-12-05 05:30,0.0,6.605
2025-12-05 06:30,0.559,8.325
2025-12-05 07:30,6.845,8.653
2025-12-05 08:30,14.309,2.352
2025-12-05 09:30,20.824,2.621
2025-12-05 10:30,24.552,1.321
2025-12-05 11:30,23.305,0.435
2025-12-05 12:30,21.38,0.319
2025-12-05 13:30,18.788,0.659
2025-12-05 14:30,15.113,1.899
2025-12-05 15:30,9.171,2.811
2025-12-05 16:30,3.176,4.541
2025-12-05 17:30,0.0,7.201
2025-12-05 18:30,0.0,8.891
2025-12-05 19:30,0.0,8.533
2025-12-05 20:30,0.0,6.948
2025-12-05 21:30,0.0,5.852
2025-12-05 22:30,0.0,5.246
2025-12-05 23:30,0.0,3.639
2025-12-06 00:30,0.0,3.092
2025-12-06 01:30,0.0,2.102
2025-12-06 02:30,0.0,2.015
2025-12-06 03:30,0.0,2.367
2025-12-06 04:30,0.0,5.811
2025-12-06 05:30,0.0,7.272
2025-12-06 06:30,0.616,6.817
2025-12-06 07:30,7.578,5.13
2025-12-06 08:30,15.082,0.688
2025-12-06 09:30,21.88,1.495
2025-12-06 10:30,19.616,1.145
2025-12-06 11:30,22.022,0.345
2025-12-06 12:30,20.818,0.363
2025-12-06 13:30,20.933,0.514
2025-12-06 14:30,15.915,1.303
2025-12-06 15:30,9.392,2.109
2025-12-06 16:30,2.849,4.666
2025-12-06 17:30,0.0,7.223
2025-12-06 18:30,0.0,7.641
2025-12-06 19:30,0.0,7.143
2025-12-06 20:30,0.0,7.521
2025-12-06 21:30,0.0,6.211
2025-12-06 22:30,0.0,7.557
2025-12-06 23:30,0.0,10.835
2025-12-07 00:30,0.0,10.029
2025-12-07 01:30,0.0,7.601
2025-12-07 02:30,0.0,5.679
2025-12-07 03:30,0.0,4.618
2025-12-07 04:30,0.0,5.069
2025-12-07 05:30,0.0,4.363
2025-12-07 06:30,0.455,5.136
2025-12-07 07:30,6.733,5.15
2025-12-07 08:30,12.586,5.388
2025-12-07 09:30,14.717,0.953
2025-12-07 10:30,20.048,0.452
2025-12-07 11:30,24.193,0.455
2025-12-07 12:30,25.373,0.511
2025-12-07 13:30,21.441,0.974
2025-12-07 14:30,15.889,1.645
2025-12-07 15:30,10.306,3.936
2025-12-07 16:30,3.551,8.336
2025-12-07 17:30,0.0,12.057
2025-12-07 18:30,0.0,10.235
2025-12-07 19:30,0.0,7.485
2025-12-07 20:30,0.0,5.282
2025-12-07 21:30,0.0,5.149
2025-12-07 22:30,0.0,5.07
2025-12-07 23:30,0.0,3.824
2025-12-08 00:30,0.0,3.217
2025-12-08 01:30,0.0,2.43
2025-12-08 02:30,0.0,2.563
2025-12-08 03:30,0.0,2.338
2025-12-08 04:30,0.0,5.608
2025-12-08 05:30,0.0,4.961
2025-12-08 06:30,0.54,4.501
2025-12-08 07:30,7.704,3.778
2025-12-08 08:30,13.476,1.84
2025-12-08 09:30,18.275,0.337
2025-12-08 10:30,21.968,0.643
2025-12-08 11:30,19.832,0.51
2025-12-08 12:30,21.836,1.037
2025-12-08 13:30,18.517,1.984
2025-12-08 14:30,15.697,3.01
2025-12-08 15:30,9.791,4.642
2025-12-08 16:30,3.185,5.674
2025-12-08 17:30,0.0,7.849
2025-12-08 18:30,0.0,6.714
2025-12-08 19:30,0.0,5.224
2025-12-08 20:30,0.0,4.93
2025-12-08 21:30,0.0,4.699
2025-12-08 22:30,0.0,5.768
2025-12-08 23:30,0.0,6.484
2025-12-09 00:30,0.0,6.332
2025-12-09 01:30,0.0,5.222
2025-12-09 02:30,0.0,5.582
2025-12-09 03:30,0.0,5.207
2025-12-09 04:30,0.0,4.982
2025-12-09 05:30,0.0,4.184
2025-12-09 06:30,0.465,4.524
2025-12-09 07:30,6.976,5.573
2025-12-09 08:30,13.804,3.834
2025-12-09 09:30,18.954,0.745
2025-12-09 10:30,20.892,1.518
2025-12-09 11:30,21.178,1.675
2025-12-09 12:30,19.516,1.54
2025-12-09 13:30,17.792,1.253
2025-12-09 14:30,14.748,2.011
2025-12-09 15:30,8.944,4.018
2025-12-09 16:30,3.339,7.797
2025-12-09 17:30,0.0,10.473
2025-12-09 18:30,0.0,9.284
2025-12-09 19:30,0.0,5.647
2025-12-09 20:30,0.0,4.573
2025-12-09 21:30,0.0,2.789
2025-12-09 22:30,0.0,2.139
2025-12-09 23:30,0.0,1.52
2025-12-10 00:30,0.0,1.821
2025-12-10 01:30,0.0,1.514
2025-12-10 02:30,0.0,0.483
2025-12-10 03:30,0.0,0.312
2025-12-10 04:30,0.0,0.289
2025-12-10 05:30,0.0,0.259
2025-12-10 06:30,0.489,0.184
2025-12-10 07:30,7.414,0.374
2025-12-10 08:30,15.16,0.154
2025-12-10 09:30,20.154,0.0
2025-12-10 10:30,22.654,0.0
2025-12-10 11:30,23.457,0.0
2025-12-10 12:30,22.379,0.0
2025-12-10 13:30,19.347,0.0
2025-12-10 14:30,16.632,0.0
2025-12-10 15:30,10.477,0.203
2025-12-10 16:30,3.896,3.565
2025-12-10 17:30,0.0,5.493
2025-12-10 18:30,0.0,5.602
2025-12-10 19:30,0.0,4.315
2025-12-10 20:30,0.0,2.299
2025-12-10 21:30,0.0,1.814
2025-12-10 22:30,0.0,2.585
2025-12-10 23:30,0.0,1.012
2025-12-11 00:30,0.0,0.533
2025-12-11 01:30,0.0,0.494
2025-12-11 02:30,0.0,0.431
2025-12-11 03:30,0.0,1.241
2025-12-11 04:30,0.0,1.424
2025-12-11 05:30,0.0,1.312
2025-12-11 06:30,0.0,0.658
2025-12-11 07:30,7.065,0.309
2025-12-11 08:30,13.221,0.219
2025-12-11 09:30,17.653,0.0
2025-12-11 10:30,19.206,0.0
2025-12-11 11:30,19.859,0.0
2025-12-11 12:30,21.073,0.0
2025-12-11 13:30,18.436,0.0
2025-12-11 14:30,16.229,0.061
2025-12-11 15:30,10.422,0.366
2025-12-11 16:30,4.245,0.538
2025-12-11 17:30,0.0,2.075
2025-12-11 18:30,0.0,3.776
2025-12-11 19:30,0.0,2.495
2025-12-11 20:30,0.0,0.997
2025-12-11 21:30,0.0,0.485
2025-12-11 22:30,0.0,0.783
2025-12-11 23:30,0.0,1.954
2025-12-12 00:30,0.0,2.237
2025-12-12 01:30,0.0,0.615
2025-12-12 02:30,0.0,0.07
2025-12-12 03:30,0.0,0.0
2025-12-12 04:30,0.0,1.443
2025-12-12 05:30,0.0,3.911
2025-12-12 06:30,0.0,4.545
2025-12-12 07:30,6.792,3.163
2025-12-12 08:30,13.939,1.842
2025-12-12 09:30,20.492,0.37
2025-12-12 10:30,22.416,0.274
2025-12-12 11:30,25.303,0.085
2025-12-12 12:30,26.557,0.0
2025-12-12 13:30,23.26,0.053
2025-12-12 14:30,17.17,0.193
2025-12-12 15:30,10.475,0.476
2025-12-12 16:30,3.823,2.268
2025-12-12 17:30,0.0,6.973
2025-12-12 18:30,0.0,6.65
2025-12-12 19:30,0.0,4.004
2025-12-12 20:30,0.0,2.341
2025-12-12 21:30,0.0,2.255
2025-12-12 22:30,0.0,1.425
2025-12-12 23:30,0.0,0.469
2025-12-13 00:30,0.0,0.336
2025-12-13 01:30,0.0,0.184
2025-12-13 02:30,0.0,0.0
2025-12-13 03:30,0.0,0.0
2025-12-13 04:30,0.0,0.228
2025-12-13 05:30,0.0,0.22
2025-12-13 06:30,0.0,0.281
2025-12-13 07:30,6.396,0.44
2025-12-13 08:30,12.484,0.474
2025-12-13 09:30,18.264,0.227
2025-12-13 10:30,21.586,0.188
2025-12-13 11:30,22.388,0.0
2025-12-13 12:30,20.622,0.0
2025-12-13 13:30,19.105,0.0
2025-12-13 14:30,15.466,0.226
2025-12-13 15:30,10.718,1.753
2025-12-13 16:30,3.859,6.695
2025-12-13 17:30,0.0,10.774
2025-12-13 18:30,0.0,11.808
2025-12-13 19:30,0.0,9.649
2025-12-13 20:30,0.0,6.811
2025-12-13 21:30,0.0,5.429
2025-12-13 22:30,0.0,4.606
2025-12-13 23:30,0.0,4.051
2025-12-14 00:30,0.0,3.446
2025-12-14 01:30,0.0,3.467
2025-12-14 02:30,0.0,3.456
2025-12-14 03:30,0.0,3.28
2025-12-14 04:30,0.0,3.677
2025-12-14 05:30,0.0,3.878
2025-12-14 06:30,0.0,5.266
2025-12-14 07:30,5.965,5.718
2025-12-14 08:30,14.537,3.928
2025-12-14 09:30,19.513,1.051
2025-12-14 10:30,18.646,0.446
2025-12-14 11:30,23.561,0.261
2025-12-14 12:30,22.592,0.086
2025-12-14 13:30,19.066,0.0
2025-12-14 14:30,14.597,0.364
2025-12-14 15:30,9.219,2.946
2025-12-14 16:30,3.892,7.151
2025-12-14 17:30,0.0,10.18
2025-12-14 18:30,0.0,9.127
2025-12-14 19:30,0.0,6.054
2025-12-14 20:30,0.0,4.709
2025-12-14 21:30,0.0,3.92
2025-12-14 22:30,0.0,3.595
2025-12-14 23:30,0.0,5.982
2025-12-15 00:30,0.0,8.102
2025-12-15 01:30,0.0,6.804
2025-12-15 02:30,0.0,6.43
2025-12-15 03:30,0.0,5.601
2025-12-15 04:30,0.0,6.051
2025-12-15 05:30,0.0,5.313
2025-12-15 06:30,0.0,4.586
2025-12-15 07:30,6.645,3.676
2025-12-15 08:30,12.534,1.328
2025-12-15 09:30,17.239,0.49
2025-12-15 10:30,21.063,0.268
2025-12-15 11:30,21.727,0.232
2025-12-15 12:30,22.362,0.367
2025-12-15 13:30,20.447,1.05
2025-12-15 14:30,16.468,2.495
2025-12-15 15:30,11.548,3.005
2025-12-15 16:30,4.052,6.198
2025-12-15 17:30,0.0,11.275
2025-12-15 18:30,0.0,13.549
2025-12-15 19:30,0.0,13.421
2025-12-15 20:30,0.0,13.187
2025-12-15 21:30,0.0,10.22
2025-12-15 22:30,0.0,11.402
2025-12-15 23:30,0.0,12.234
2025-12-16 00:30,0.0,12.039
2025-12-16 01:30,0.0,8.535
2025-12-16 02:30,0.0,8.658
2025-12-16 03:30,0.0,10.867
2025-12-16 04:30,0.0,15.71
2025-12-16 05:30,0.0,15.832
2025-12-16 06:30,0.0,14.318
2025-12-16 07:30,7.167,11.711
2025-12-16 08:30,13.536,7.949
2025-12-16 09:30,17.322,2.769
2025-12-16 10:30,20.056,1.068
2025-12-16 11:30,21.062,0.376
2025-12-16 12:30,20.932,0.165
2025-12-16 13:30,19.535,0.0
2025-12-16 14:30,16.014,0.0
2025-12-16 15:30,10.533,0.25
2025-12-16 16:30,3.917,4.739
2025-12-16 17:30,0.0,11.986
2025-12-16 18:30,0.0,10.225
2025-12-16 19:30,0.0,9.313
2025-12-16 20:30,0.0,7.321
2025-12-16 21:30,0.0,6.73
2025-12-16 22:30,0.0,6.928
2025-12-16 23:30,0.0,6.306
2025-12-17 00:30,0.0,4.577
2025-12-17 01:30,0.0,3.924
2025-12-17 02:30,0.0,4.62
2025-12-17 03:30,0.0,5.0
2025-12-17 04:30,0.0,4.035
2025-12-17 05:30,0.0,4.397
2025-12-17 06:30,0.0,5.494
2025-12-17 07:30,7.923,5.315
2025-12-17 08:30,15.304,2.649
2025-12-17 09:30,21.633,0.343
2025-12-17 10:30,24.028,0.015
2025-12-17 11:30,23.281,0.0
2025-12-17 12:30,24.444,0.0
2025-12-17 13:30,20.75,0.0
2025-12-17 14:30,17.266,0.057
2025-12-17 15:30,10.958,0.353
2025-12-17 16:30,4.603,1.566
2025-12-17 17:30,0.0,3.854
2025-12-17 18:30,0.0,5.353
2025-12-17 19:30,0.0,3.57
2025-12-17 20:30,0.0,1.717
2025-12-17 21:30,0.0,1.176
2025-12-17 22:30,0.0,1.602
2025-12-17 23:30,0.0,1.822
2025-12-18 00:30,0.0,1.864
2025-12-18 01:30,0.0,1.571
2025-12-18 02:30,0.0,2.016
2025-12-18 03:30,0.0,2.57
2025-12-18 04:30,0.0,3.32
2025-12-18 05:30,0.0,3.986
2025-12-18 06:30,0.0,2.376
2025-12-18 07:30,5.39,1.783
2025-12-18 08:30,10.665,1.09
2025-12-18 09:30,14.421,0.084
2025-12-18 10:30,14.211,0.036
2025-12-18 11:30,14.961,0.0
2025-12-18 12:30,15.468,0.0
2025-12-18 13:30,14.204,0.042
2025-12-18 14:30,12.512,0.263
2025-12-18 15:30,9.426,0.609
2025-12-18 16:30,3.938,3.14
2025-12-18 17:30,0.0,11.793
2025-12-18 18:30,0.0,14.81
2025-12-18 19:30,0.0,6.894
2025-12-18 20:30,0.0,3.843
2025-12-18 21:30,0.0,2.787
2025-12-18 22:30,0.0,1.689
2025-12-18 23:30,0.0,1.901
2025-12-19 00:30,0.0,1.858
2025-12-19 01:30,0.0,1.541
2025-12-19 02:30,0.0,1.158
2025-12-19 03:30,0.0,0.639
2025-12-19 04:30,0.0,0.514
2025-12-19 05:30,0.0,0.507
2025-12-19 06:30,0.0,0.518
2025-12-19 07:30,6.037,0.467
2025-12-19 08:30,11.691,0.303
2025-12-19 09:30,16.98,0.0
2025-12-19 10:30,19.354,0.0
2025-12-19 11:30,20.29,0.123
2025-12-19 12:30,18.364,0.394
2025-12-19 13:30,17.565,1.464
2025-12-19 14:30,15.893,2.576
2025-12-19 15:30,10.06,3.296
2025-12-19 16:30,4.273,4.529
2025-12-19 17:30,0.0,5.371
2025-12-19 18:30,0.0,2.608
2025-12-19 19:30,0.0,0.595
2025-12-19 20:30,0.0,0.21
2025-12-19 21:30,0.0,0.015
2025-12-19 22:30,0.0,0.0
2025-12-19 23:30,0.0,0.0
2025-12-20 00:30,0.0,0.0
2025-12-20 01:30,0.0,0.0
2025-12-20 02:30,0.0,0.0
2025-12-20 03:30,0.0,0.0
2025-12-20 04:30,0.0,0.0
2025-12-20 05:30,0.0,0.0
2025-12-20 06:30,0.0,0.0
2025-12-20 07:30,5.03,0.0
2025-12-20 08:30,9.768,0.0
2025-12-20 09:30,13.849,0.0
2025-12-20 10:30,18.224,0.0
2025-12-20 11:30,20.625,0.0
2025-12-20 12:30,20.959,0.2
2025-12-20 13:30,18.728,0.441
2025-12-20 14:30,15.485,2.044
2025-12-20 15:30,10.65,5.123
2025-12-20 16:30,4.367,6.456
2025-12-20 17:30,0.0,8.281
2025-12-20 18:30,0.0,9.865
2025-12-20 19:30,0.0,6.835
2025-12-20 20:30,0.0,4.677
2025-12-20 21:30,0.0,3.557
2025-12-20 22:30,0.0,3.338
2025-12-20 23:30,0.0,3.002
2025-12-21 00:30,0.0,2.617
2025-12-21 01:30,0.0,2.026
2025-12-21 02:30,0.0,2.115
2025-12-21 03:30,0.0,1.895
2025-12-21 04:30,0.0,1.191
2025-12-21 05:30,0.0,1.094
2025-12-21 06:30,0.0,1.737
2025-12-21 07:30,4.339,1.504
2025-12-21 08:30,9.109,1.346
2025-12-21 09:30,12.542,0.239
2025-12-21 10:30,14.431,0.275
2025-12-21 11:30,18.868,0.528
2025-12-21 12:30,16.238,0.633
2025-12-21 13:30,15.438,1.492
2025-12-21 14:30,12.674,1.817
2025-12-21 15:30,6.789,2.165
2025-12-21 16:30,2.024,6.441
2025-12-21 17:30,0.0,8.688
2025-12-21 18:30,0.0,6.569
2025-12-21 19:30,0.0,6.602
2025-12-21 20:30,0.0,9.191
2025-12-21 21:30,0.0,10.592
2025-12-21 22:30,0.0,9.145
2025-12-21 23:30,0.0,7.765
2025-12-22 00:30,0.0,8.939
2025-12-22 01:30,0.0,8.12
2025-12-22 02:30,0.0,6.079
2025-12-22 03:30,0.0,5.295
2025-12-22 04:30,0.0,5.908
2025-12-22 05:30,0.0,6.125
2025-12-22 06:30,0.0,7.014
2025-12-22 07:30,4.242,6.325
2025-12-22 08:30,9.903,5.675
2025-12-22 09:30,14.463,1.093
2025-12-22 10:30,19.228,1.928
2025-12-22 11:30,20.211,2.626
2025-12-22 12:30,20.276,4.292
2025-12-22 13:30,17.655,4.91
2025-12-22 14:30,12.593,4.542
2025-12-22 15:30,8.388,3.452
2025-12-22 16:30,4.069,3.682
2025-12-22 17:30,0.0,5.732
2025-12-22 18:30,0.0,4.626
2025-12-22 19:30,0.0,3.312
2025-12-22 20:30,0.0,2.6
2025-12-22 21:30,0.0,2.174
2025-12-22 22:30,0.0,2.046
2025-12-22 23:30,0.0,2.47
2025-12-23 00:30,0.0,2.434
2025-12-23 01:30,0.0,2.18
2025-12-23 02:30,0.0,1.317
2025-12-23 03:30,0.0,1.22
2025-12-23 04:30,0.0,0.859
2025-12-23 05:30,0.0,0.863
2025-12-23 06:30,0.0,0.942
2025-12-23 07:30,5.466,0.952
2025-12-23 08:30,12.799,0.45
2025-12-23 09:30,17.268,0.225
2025-12-23 10:30,19.717,2.482
2025-12-23 11:30,21.387,6.882
2025-12-23 12:30,20.491,7.519
2025-12-23 13:30,18.797,6.096
2025-12-23 14:30,15.448,6.514
2025-12-23 15:30,10.499,6.165
2025-12-23 16:30,4.294,5.893
2025-12-23 17:30,0.0,6.288
2025-12-23 18:30,0.0,2.453
2025-12-23 19:30,0.0,0.46
2025-12-23 20:30,0.0,0.196
2025-12-23 21:30,0.0,0.116
2025-12-23 22:30,0.0,0.053
2025-12-23 23:30,0.0,0.73
2025-12-24 00:30,0.0,0.468
2025-12-24 01:30,0.0,0.143
2025-12-24 02:30,0.0,0.073
2025-12-24 03:30,0.0,0.149
2025-12-24 04:30,0.0,0.079
2025-12-24 05:30,0.0,0.0
2025-12-24 06:30,0.0,0.0
2025-12-24 07:30,5.831,0.0
2025-12-24 08:30,12.385,0.0
2025-12-24 09:30,18.409,0.0
2025-12-24 10:30,21.817,0.065
2025-12-24 11:30,24.1,0.1
2025-12-24 12:30,22.254,0.213
2025-12-24 13:30,19.074,0.269
2025-12-24 14:30,13.664,0.471
2025-12-24 15:30,9.243,1.799
2025-12-24 16:30,3.703,4.636
2025-12-24 17:30,0.0,11.467
2025-12-24 18:30,0.0,13.112
2025-12-24 19:30,0.0,7.969
2025-12-24 20:30,0.0,3.36
2025-12-24 21:30,0.0,2.066
2025-12-24 22:30,0.0,2.435
2025-12-24 23:30,0.0,1.815
2025-12-25 00:30,0.0,4.845
2025-12-25 01:30,0.0,6.172
2025-12-25 02:30,0.0,5.602
2025-12-25 03:30,0.0,3.969
2025-12-25 04:30,0.0,4.828
2025-12-25 05:30,0.0,5.186
2025-12-25 06:30,0.0,4.994
2025-12-25 07:30,6.095,5.704
2025-12-25 08:30,13.655,2.397
2025-12-25 09:30,20.235,0.533
2025-12-25 10:30,24.742,0.0
2025-12-25 11:30,25.308,0.0
2025-12-25 12:30,25.023,0.0
2025-12-25 13:30,20.101,0.0
2025-12-25 14:30,16.334,0.0
2025-12-25 15:30,11.638,0.0
2025-12-25 16:30,5.021,0.438
2025-12-25 17:30,0.0,6.488
2025-12-25 18:30,0.0,11.083
2025-12-25 19:30,0.0,7.642
2025-12-25 20:30,0.0,5.285
2025-12-25 21:30,0.0,6.44
2025-12-25 22:30,0.0,6.13
2025-12-25 23:30,0.0,6.089
2025-12-26 00:30,0.0,6.813
2025-12-26 01:30,0.0,10.056
2025-12-26 02:30,0.0,8.735
2025-12-26 03:30,0.0,5.951
2025-12-26 04:30,0.0,4.931
2025-12-26 05:30,0.0,3.86
2025-12-26 06:30,0.0,3.642
2025-12-26 07:30,4.434,3.334
2025-12-26 08:30,9.619,1.413
2025-12-26 09:30,16.051,0.224
2025-12-26 10:30,20.772,0.0
2025-12-26 11:30,17.861,0.0
2025-12-26 12:30,21.571,0.0
2025-12-26 13:30,18.878,0.024
2025-12-26 14:30,15.218,0.32
2025-12-26 15:30,10.598,0.894
2025-12-26 16:30,4.422,3.303
2025-12-26 17:30,0.0,9.247
2025-12-26 18:30,0.0,10.129
2025-12-26 19:30,0.0,10.063
2025-12-26 20:30,0.0,9.207
2025-12-26 21:30,0.0,7.463
2025-12-26 22:30,0.0,8.337
2025-12-26 23:30,0.0,5.732
2025-12-27 00:30,0.0,5.464
2025-12-27 01:30,0.0,3.185
2025-12-27 02:30,0.0,1.847
2025-12-27 03:30,0.0,0.974
2025-12-27 04:30,0.0,1.163
2025-12-27 05:30,0.0,1.672
2025-12-27 06:30,0.0,1.839
2025-12-27 07:30,4.935,2.02
2025-12-27 08:30,11.937,0.6
2025-12-27 09:30,15.022,0.043
2025-12-27 10:30,19.335,0.0
2025-12-27 11:30,19.411,0.0
2025-12-27 12:30,21.127,0.0
2025-12-27 13:30,17.422,0.0
2025-12-27 14:30,14.517,0.14
2025-12-27 15:30,10.887,0.609
2025-12-27 16:30,4.773,2.413
2025-12-27 17:30,0.0,6.882
2025-12-27 18:30,0.0,10.591
2025-12-27 19:30,0.0,6.989
2025-12-27 20:30,0.0,5.579
2025-12-27 21:30,0.0,4.771
2025-12-27 22:30,0.0,5.385
2025-12-27 23:30,0.0,4.702
2025-12-28 00:30,0.0,4.662
2025-12-28 01:30,0.0,5.121
2025-12-28 02:30,0.0,5.182
2025-12-28 03:30,0.0,3.988
2025-12-28 04:30,0.0,2.932
2025-12-28 05:30,0.0,2.465
2025-12-28 06:30,0.0,2.558
2025-12-28 07:30,5.081,3.529
2025-12-28 08:30,11.463,2.571
2025-12-28 09:30,16.511,0.325
2025-12-28 10:30,20.606,0.0
2025-12-28 11:30,21.667,0.0
2025-12-28 12:30,21.402,0.0
2025-12-28 13:30,18.938,0.0
2025-12-28 14:30,16.395,0.0
2025-12-28 15:30,11.43,0.0
2025-12-28 16:30,4.703,0.0
2025-12-28 17:30,0.0,0.803
2025-12-28 18:30,0.0,5.854
2025-12-28 19:30,0.0,7.736
2025-12-28 20:30,0.0,5.947
2025-12-28 21:30,0.0,6.679
2025-12-28 22:30,0.0,7.171
2025-12-28 23:30,0.0,6.475
2025-12-29 00:30,0.0,5.637
2025-12-29 01:30,0.0,4.507
2025-12-29 02:30,0.0,3.874
2025-12-29 03:30,0.0,3.717
2025-12-29 04:30,0.0,3.838
2025-12-29 05:30,0.0,3.347
2025-12-29 06:30,0.0,3.56
2025-12-29 07:30,5.273,3.539
2025-12-29 08:30,13.872,2.604
2025-12-29 09:30,19.059,0.299
2025-12-29 10:30,23.45,0.0
2025-12-29 11:30,22.692,0.0
2025-12-29 12:30,22.896,0.0
2025-12-29 13:30,20.056,0.0
2025-12-29 14:30,17.0,0.0
2025-12-29 15:30,11.55,0.0
2025-12-29 16:30,4.882,0.0
2025-12-29 17:30,0.0,0.0
2025-12-29 18:30,0.0,0.0
2025-12-29 19:30,0.0,5.593
2025-12-29 20:30,0.0,6.402
2025-12-29 21:30,0.0,5.767
2025-12-29 22:30,0.0,5.777
2025-12-29 23:30,0.0,4.275
2025-12-30 00:30,0.0,2.981
2025-12-30 01:30,0.0,2.406
2025-12-30 02:30,0.0,2.631
2025-12-30 03:30,0.0,3.473
2025-12-30 04:30,0.0,3.812
2025-12-30 05:30,0.0,3.526
2025-12-30 06:30,0.0,4.317
2025-12-30 07:30,4.4,4.055
2025-12-30 08:30,10.457,3.132
2025-12-30 09:30,15.516,0.263
2025-12-30 10:30,19.078,0.386
2025-12-30 11:30,20.149,0.515
2025-12-30 12:30,20.452,0.505
2025-12-30 13:30,19.376,0.369
2025-12-30 14:30,15.702,0.24
2025-12-30 15:30,10.986,0.338
2025-12-30 16:30,4.515,0.505
2025-12-30 17:30,0.0,0.427
2025-12-30 18:30,0.0,0.0
2025-12-30 19:30,0.0,0.209
2025-12-30 20:30,0.0,0.984
2025-12-30 21:30,0.0,3.763
2025-12-30 22:30,0.0,2.342
2025-12-30 23:30,0.0,1.315
2025-12-31 00:30,0.0,0.441
2025-12-31 01:30,0.0,1.203
2025-12-31 02:30,0.0,1.323
2025-12-31 03:30,0.0,0.801
2025-12-31 04:30,0.0,0.034
2025-12-31 05:30,0.0,0.0
2025-12-31 06:30,0.0,0.0
2025-12-31 07:30,5.786,0.0
2025-12-31 08:30,12.214,0.136
2025-12-31 09:30,18.037,0.0
2025-12-31 10:30,22.78,0.94
2025-12-31 11:30,25.84,1.302
2025-12-31 12:30,24.68,1.15
2025-12-31 13:30,23.331,2.074
2025-12-31 14:30,16.958,4.409
2025-12-31 15:30,11.733,6.7
2025-12-31 16:30,4.823,4.59
2025-12-31 17:30,0.0,4.798
2025-12-31 18:30,0.0,5.433
2025-12-31 19:30,0.0,4.036
2025-12-31 20:30,0.0,3.168
2025-12-31 21:30,0.0,1.662
2025-12-31 22:30,0.0,0.065
2025-12-31 23:30,0.0,0.148
2026-01-01 00:30,0.0,0.291
2026-01-01 01:30,0.0,0.048
2026-01-01 02:30,0.0,0.0
2026-01-01 03:30,0.0,0.0
