source,model,metric,before_tuning,after_tuning,change_pct
solar,gbm,mae,1.6046978669626395,1.5664602356232096,-2.3828554973906604
solar,gbm,rmse,3.271470880483275,3.199273026702617,-2.2068927530845963
solar,gbm,nmae_pct,4.011744667406599,3.916150589058024,-2.3828554973906524
solar,gbm,pinball,0.3943004936729511,0.3791047509326319,-3.8538482665261826
solar,gbm,picp80,0.8353416003743566,0.8620437529246607,3.1965548631048253
solar,gbm,skill_vs_persistence,0.260855492930963,0.2784682384513186,6.751916673273542
solar,ensemble,mae,1.6036272592890166,1.5666053996666027,-2.3086324710411747
solar,ensemble,rmse,3.2746487021087423,3.200313575465196,-2.2700183563408656
solar,ensemble,nmae_pct,4.009068148222541,3.916513499166507,-2.3086324710411583
solar,ensemble,pinball,0.3927282254017313,0.3804187516428531,-3.134349140881467
solar,ensemble,picp80,0.9215021057557324,0.9180510060832944,-0.37450806144471954
solar,ensemble,skill_vs_persistence,0.2613486286155527,0.278401374023125,6.524903343823206
wind,gbm,mae,4.007087604590514,3.990116091431992,-0.4235373626241464
wind,gbm,rmse,5.964856306382572,5.955683870464726,-0.15377463339781455
wind,gbm,nmae_pct,8.014175209181028,7.980232182863984,-0.4235373626241464
wind,gbm,pinball,1.0298031937550636,1.0110597009078297,-1.8201043617749708
wind,gbm,picp80,0.7274508656995788,0.7682206364061769,5.604470711212963
wind,gbm,skill_vs_persistence,0.3806846508069819,0.3833076827032805,0.6890301173788438
wind,ensemble,mae,4.093126513862942,4.154318091309105,1.4949837792434253
wind,ensemble,rmse,6.015481830326975,6.0980278034658815,1.3722254586948033
wind,ensemble,nmae_pct,8.186253027725884,8.30863618261821,1.4949837792434253
wind,ensemble,pinball,1.0550172297526328,1.0590045622383308,0.37794003484027905
wind,ensemble,picp80,0.7316916237716425,0.7256668226485727,-0.8234071468542754
wind,ensemble,skill_vs_persistence,0.3673869088062338,0.3579294457075165,-2.574251523944567
