source,model,month,coverage80
solar,chronos2_zs,2026-04,0.8467125382262997
solar,chronos2_zs,2026-05,0.8277439024390244
solar,chronos2_zs,2026-06,0.7654761904761904
solar,chronos2_zs,2026-07,0.8262124711316398
solar,chronos2_zs,2026-08,0.7321899736147758
solar,chronos2_zs,2026-09,0.8258928571428571
solar,ensemble,2026-04,0.9235474006116208
solar,ensemble,2026-05,0.9353658536585366
solar,ensemble,2026-06,0.7526785714285714
solar,ensemble,2026-07,0.8452655889145496
solar,ensemble,2026-08,0.783311345646438
solar,ensemble,2026-09,0.8638392857142857
solar,gbm,2026-04,0.8268348623853211
solar,gbm,2026-05,0.8548780487804878
solar,gbm,2026-06,0.6130952380952381
solar,gbm,2026-07,0.7315242494226328
solar,gbm,2026-08,0.7104221635883905
solar,gbm,2026-09,0.7470238095238095
solar,persistence,2026-04,0.7909021406727829
solar,persistence,2026-05,0.801219512195122
solar,persistence,2026-06,0.6547619047619048
solar,persistence,2026-07,0.5831408775981525
solar,persistence,2026-08,0.470976253298153
solar,persistence,2026-09,0.6889880952380952
solar,physics,2026-04,0.7496177370030581
solar,physics,2026-05,0.9146341463414634
solar,physics,2026-06,0.5833333333333334
solar,physics,2026-07,0.6443418013856813
solar,physics,2026-08,0.5303430079155673
solar,physics,2026-09,0.6875
solar,week_mean,2026-04,0.8333333333333334
solar,week_mean,2026-05,0.8390243902439024
solar,week_mean,2026-06,0.6166666666666667
solar,week_mean,2026-07,0.5288683602771362
solar,week_mean,2026-08,0.5013192612137203
solar,week_mean,2026-09,0.6622023809523809
wind,chronos2_zs,2026-04,0.73
wind,chronos2_zs,2026-05,0.735383064516129
wind,chronos2_zs,2026-06,0.7746527777777777
wind,chronos2_zs,2026-07,0.7409274193548387
wind,chronos2_zs,2026-08,0.7308467741935484
wind,chronos2_zs,2026-09,0.7669270833333334
wind,ensemble,2026-04,0.7826923076923077
wind,ensemble,2026-05,0.7261424731182796
wind,ensemble,2026-06,0.6939236111111111
wind,ensemble,2026-07,0.6980846774193549
wind,ensemble,2026-08,0.6796034946236559
wind,ensemble,2026-09,0.7855282738095238
wind,gbm,2026-04,0.8078846153846154
wind,gbm,2026-05,0.7657930107526881
wind,gbm,2026-06,0.7329861111111111
wind,gbm,2026-07,0.7494959677419355
wind,gbm,2026-08,0.7825940860215054
wind,gbm,2026-09,0.7751116071428571
wind,persistence,2026-04,0.41346153846153844
wind,persistence,2026-05,0.375
wind,persistence,2026-06,0.5284722222222222
wind,persistence,2026-07,0.5799731182795699
wind,persistence,2026-08,0.5954301075268817
wind,persistence,2026-09,0.6227678571428571
wind,physics,2026-04,0.42423076923076924
wind,physics,2026-05,0.3400537634408602
wind,physics,2026-06,0.39166666666666666
wind,physics,2026-07,0.30510752688172044
wind,physics,2026-08,0.2782258064516129
wind,physics,2026-09,0.5997023809523809
wind,week_mean,2026-04,0.40384615384615385
wind,week_mean,2026-05,0.3024193548387097
wind,week_mean,2026-06,0.3923611111111111
wind,week_mean,2026-07,0.4092741935483871
wind,week_mean,2026-08,0.5477150537634409
wind,week_mean,2026-09,0.5386904761904762
