source,trial,pinball
solar,0,0.46092
solar,1,0.45276
solar,2,0.45737
solar,3,0.45155
solar,4,0.44832
solar,5,0.4599
solar,6,0.46513
solar,7,0.44671
solar,8,0.44757
solar,9,0.44746
solar,10,0.44998
solar,11,0.44423
solar,12,0.44632
solar,13,0.44695
solar,14,0.44629
solar,15,0.45154
solar,16,0.44575
solar,17,0.44865
solar,18,0.44599
solar,19,0.44533
solar,20,0.4485
solar,21,0.44547
solar,22,0.44902
solar,23,0.44386
solar,24,0.44451
solar,25,0.44441
solar,26,0.44721
solar,27,0.44722
solar,28,0.4483
solar,29,0.44755
solar,30,0.44744
solar,31,0.4448
solar,32,0.44941
solar,33,0.44783
solar,34,0.44675
solar,35,0.44341
solar,36,0.44708
solar,37,0.44382
solar,38,0.44418
solar,39,0.44566
solar,40,0.44606
solar,41,0.44418
solar,42,0.44323
solar,43,0.44417
solar,44,0.44476
solar,45,0.44485
solar,46,0.44547
solar,47,0.44696
solar,48,0.4435
solar,49,0.44271
solar,50,0.44277
solar,51,0.44486
solar,52,0.44808
solar,53,0.44116
solar,54,0.44534
solar,55,0.44422
solar,56,0.44363
solar,57,0.44588
solar,58,0.44532
solar,59,0.44447
solar,60,0.44726
solar,61,0.44207
solar,62,0.44422
solar,63,0.44317
solar,64,0.44263
solar,65,0.44295
solar,66,0.4448
solar,67,0.44415
solar,68,0.44221
solar,69,0.442
solar,70,0.44309
solar,71,0.44212
solar,72,0.44481
solar,73,0.44293
solar,74,0.44668
solar,75,0.44234
solar,76,0.44444
solar,77,0.44476
solar,78,0.44317
solar,79,0.44183
solar,80,0.44221
solar,81,0.44282
solar,82,0.44181
solar,83,0.44286
solar,84,0.44559
solar,85,0.44272
solar,86,0.44594
solar,87,0.44392
solar,88,0.44414
solar,89,0.44304
solar,90,0.4476
solar,91,0.44229
solar,92,0.44398
solar,93,0.44511
solar,94,0.44349
solar,95,0.44545
wind,0,0.89478
wind,1,0.86094
wind,2,0.87947
wind,3,0.87227
wind,4,0.86189
wind,5,0.8866
wind,6,0.89721
wind,7,0.84348
wind,8,0.86324
wind,9,0.85663
wind,10,0.86124
wind,11,0.84042
wind,12,0.8554
wind,13,0.85428
wind,14,0.83972
wind,15,0.8654
wind,16,0.85552
wind,17,0.8404
wind,18,0.85938
wind,19,0.86017
wind,20,0.86999
wind,21,0.84224
wind,22,0.86316
wind,23,0.85829
wind,24,0.84836
wind,25,0.84914
wind,26,0.87002
wind,27,0.8483
wind,28,0.86505
wind,29,0.85461
wind,30,0.83887
wind,31,0.84258
wind,32,0.84546
wind,33,0.86072
wind,34,0.85966
wind,35,0.85442
wind,36,0.83758
wind,37,0.84705
wind,38,0.86114
wind,39,0.85912
wind,40,0.85694
wind,41,0.84189
wind,42,0.84123
wind,43,0.86086
wind,44,0.85386
wind,45,0.84684
wind,46,0.84127
wind,47,0.84256
wind,48,0.85859
wind,49,0.84214
wind,50,0.83932
wind,51,0.85373
wind,52,0.84458
wind,53,0.85637
wind,54,0.85207
wind,55,0.83968
wind,56,0.84584
wind,57,0.85154
wind,58,0.84845
wind,59,0.85498
wind,60,0.8543
wind,61,0.85618
wind,62,0.85144
wind,63,0.85265
wind,64,0.85407
wind,65,0.84216
wind,66,0.85176
wind,67,0.85163
wind,68,0.84722
wind,69,0.85234
wind,70,0.83887
wind,71,0.83862
wind,72,0.84579
wind,73,0.84247
wind,74,0.84086
wind,75,0.83417
wind,76,0.85205
wind,77,0.83692
wind,78,0.84676
wind,79,0.83871
wind,80,0.83933
wind,81,0.85848
wind,82,0.83937
wind,83,0.85754
wind,84,0.84467
wind,85,0.84429
wind,86,0.85082
wind,87,0.84034
wind,88,0.84913
wind,89,0.84043
wind,90,0.84205
wind,91,0.84585
wind,92,0.85151
wind,93,0.85505
wind,94,0.8392
wind,95,0.85857
wind,96,0.84917
wind,97,0.83996
wind,98,0.84164
wind,99,0.84432
wind,100,0.84228
wind,101,0.85633
wind,102,0.85628
wind,103,0.83796
wind,104,0.84111
wind,105,0.85093
wind,106,0.84468
wind,107,0.84604
wind,108,0.84378
wind,109,0.84273
wind,110,0.84681
wind,111,0.8417
wind,112,0.84434
wind,113,0.84986
wind,114,0.83968
wind,115,0.85592
wind,116,0.84687
wind,117,0.83853
wind,118,0.84657
wind,119,0.83572
wind,120,0.85591
wind,121,0.84245
wind,122,0.85332
wind,123,0.84362
wind,124,0.84964
wind,125,0.84683
wind,126,0.84495
wind,127,0.83985
wind,128,0.84602
wind,129,0.84287
wind,130,0.8455
wind,131,0.85156
wind,132,0.84564
wind,133,0.8438
wind,134,0.84155
wind,135,0.84447
wind,136,0.84391
wind,137,0.85806
wind,138,0.85429
wind,139,0.83846
wind,140,0.84374
wind,141,0.84203
wind,142,0.84115
wind,143,0.84178
wind,144,0.83409
wind,145,0.84556
wind,146,0.85342
wind,147,0.8407
wind,148,0.83741
wind,149,0.83904
